method,analysis,phase,vr,mean_trace_ratio,trigger_rate_hz,mean_speed,lag_steps,post_max_overshoot
fixed_low,phase_summary,low,0.0,0.3989735445444856,9.940536295299001,0.17283402829031316,,
fixed_low,phase_summary,medium,0.0,0.4003072700945315,10.031418312387792,0.9004172178818391,,
fixed_low,phase_summary,high,0.0,0.400340661218762,10.018512468692148,1.809937310282865,,
fixed_low,transition,low_to_medium,0.0,0.40033534448881447,10.0,0.5956995676637041,3.0,0.0
fixed_low,transition,medium_to_low,0.0,0.4003413965190781,10.0,0.436114331731528,7.0,0.0
fixed_low,transition,low_to_medium,0.0,0.40033813388468587,10.0,0.6012273234962536,12.0,0.0
fixed_low,transition,medium_to_low,0.0,0.40033506527983387,10.0,0.4756393621724592,10.0,0.0
fixed_low,transition,low_to_high,0.0,0.40033476106081517,10.0,0.5696785461951485,12.0,0.0
fixed_low,transition,high_to_low,0.0,0.4003347479680744,10.0,0.5640300151148181,11.0,0.0
fixed_low,transition,low_to_medium,0.0,0.40033441349702775,10.0,0.7380328889657259,15.0,0.0
fixed_low,transition,medium_to_low,0.0,0.40033434506323856,10.0,0.5273862800623212,17.0,0.0
fixed_low,transition,low_to_high,0.0,0.4003343798541828,10.0,0.6619001278110389,12.0,0.0
fixed_low,transition,high_to_low,0.0,0.40033438121472115,10.0,0.6540598915640302,11.0,0.0
fixed_low,transition,low_to_medium,0.0,0.40033440592125125,10.0,0.7040337952950881,12.0,0.0
fixed_low,transition,medium_to_low,0.0,0.4003344759550274,10.0,0.5805589075814828,18.0,0.0
fixed_low,transition,low_to_medium,0.0,0.40033448381438835,10.0,0.7686740297928278,16.0,0.0
fixed_low,transition,medium_to_high,0.0,0.4003344852478263,10.0,0.5439737185252368,12.0,0.0
fixed_low,transition,high_to_medium,0.0,0.40033448523440773,10.0,0.5365424495391128,11.0,0.0
fixed_low,transition,medium_to_low,0.0,0.4003344838696324,10.0,0.5345024718063022,4.0,0.0
fixed_low,transition,low_to_medium,0.0,0.40033448340647987,10.0,0.5987954090803121,12.0,0.0
fixed_low,transition,medium_to_low,0.0,0.4003344833675766,10.0,0.5985956002040278,11.0,0.0
fixed_low,transition,low_to_medium,0.0,0.40033448221652373,10.0,0.7489790614097326,0.0,0.0
fixed_low,transition,medium_to_high,0.0,0.4003344804019278,10.0,0.5815551863785007,12.0,0.0
fixed_low,transition,high_to_medium,0.0,0.4003344803928065,10.0,0.5758309871764095,11.0,0.0
fixed_low,transition,medium_to_low,0.0,0.40033448028881446,10.0,0.6208619652322835,0.0,0.0
fixed_low,transition,low_to_medium,0.0,0.400334480112979,10.0,0.7596241375919788,2.0,0.0
fixed_low,transition,medium_to_low,0.0,0.40033448009661976,10.0,0.5499095360074838,12.0,0.0
fixed_low,transition,low_to_medium,0.0,0.4003344801141393,10.0,0.6638219449702468,12.0,0.0
fixed_low,transition,medium_to_low,0.0,0.40033448011501205,10.0,0.6617708115634197,11.0,0.0
fixed_low,transition,low_to_medium,0.0,0.4003344801325418,10.0,0.7499961078019405,10.0,0.0
fixed_low,transition,medium_to_high,0.0,0.40033448017693013,10.0,0.24411659635463331,2.0,0.0
fixed_low,transition,high_to_medium,0.0,0.40033448017721773,10.0,0.23072988001285955,1.0,0.0
fixed_low,transition,medium_to_low,0.0,0.4003344801801631,10.0,0.15749044789153907,5.0,0.0
fixed_low,transition,low_to_medium,0.0,0.4003344801807258,10.0,0.14693180563041822,2.0,0.0
fixed_low,transition,medium_to_low,0.0,0.4003344801809158,10.0,0.14322638422206024,1.0,0.0
fixed_low,transition,low_to_medium,0.0,0.40033448018146983,10.0,0.4773722292180749,0.0,0.0
fixed_low,transition,medium_to_low,0.0,0.4003344801814698,10.0,0.4923475765090241,2.0,0.0
fixed_low,transition,low_to_medium,0.0,0.40033448018146983,10.0,0.49362431974493753,1.0,0.0
fixed_low,transition,medium_to_high,0.0,0.4003344801814698,10.0,1.3502288588721143,2.0,0.0
fixed_low,transition,high_to_medium,0.0,0.40033448018146983,10.0,1.3506900801416981,1.0,0.0
fixed_low,transition,medium_to_high,0.0,0.4003344801814698,10.0,1.3581977227511743,12.0,0.0
fixed_low,transition,high_to_medium,0.0,0.4003344801814698,10.0,1.3623126311978657,12.0,0.0
fixed_low,transition,medium_to_high,0.0,0.40033448018146983,10.0,1.3635789384292856,11.0,0.0
fixed_low,transition,high_to_medium,0.0,0.4003344801814698,10.0,1.3695632464535612,13.0,0.0
fixed_low,transition,medium_to_high,0.0,0.4003344801814698,10.0,1.3712095299847058,12.0,0.0
fixed_low,transition,high_to_medium,0.0,0.4003344801814698,10.0,1.460730652475881,2.0,0.0
fixed_low,transition,medium_to_high,0.0,0.40033448018146983,10.0,1.4655434350094898,1.0,0.0
fixed_low,transition,high_to_medium,0.0,0.4003344801814698,10.0,1.5000924954901882,12.0,0.0
fixed_low,transition,medium_to_high,0.0,0.40033448018146983,10.0,1.5086918737575155,11.0,0.0
fixed_low,transition,high_to_medium,0.0,0.4003344801814698,10.0,1.1544370366452588,19.0,0.0
fixed_low,transition,medium_to_high,0.0,0.4003344801814698,10.0,1.3070874461905888,2.0,0.0
fixed_low,transition,high_to_medium,0.0,0.40033448018146983,10.0,1.228084478023091,1.0,0.0
fixed_low,transition,medium_to_high,0.0,0.4003344801814698,10.0,1.3231403485292015,12.0,0.0
fixed_low,transition,high_to_medium,0.0,0.40033448018146983,10.0,1.3026453989570859,11.0,0.0
fixed_low,transition,medium_to_high,0.0,0.4003344801814698,10.0,1.567928442262109,13.0,0.0
fixed_low,transition,high_to_medium,0.0,0.4003344801814698,10.0,1.5729311769080578,12.0,0.0
fixed_low,transition,medium_to_high,0.0,0.40033448018146983,10.0,1.5780079735596093,11.0,0.0
fixed_low,transition,high_to_medium,0.0,0.4003344801814698,10.0,0.9297867403687935,15.0,0.0
fixed_low,transition,medium_to_low,0.0,0.40033448018146983,10.0,0.48148295149942916,0.0,0.0
fixed_low,transition,low_to_medium,0.0,0.40033448018146983,10.0,1.005377579237247,0.0,0.0
fixed_low,transition,medium_to_high,0.0,0.4003344801814698,10.0,1.3405950727095162,15.0,0.0
fixed_low,transition,high_to_medium,0.0,0.4003344801814698,10.0,0.8841085193356821,13.0,0.0
fixed_low,transition,medium_to_high,0.0,0.4003344801814698,10.0,1.1167647726500585,2.0,0.0
fixed_low,transition,high_to_medium,0.0,0.40033448018146983,10.0,1.1141887669112742,1.0,0.0
fixed_low,transition,medium_to_high,0.0,0.40033448018146983,10.0,1.4689556355444588,11.0,0.0
fixed_low,transition,high_to_medium,0.0,0.4003344801814698,10.0,1.503089291187994,2.0,0.0
fixed_low,transition,medium_to_high,0.0,0.40033448018146983,10.0,1.5071685590631914,1.0,0.0
fixed_low,transition,high_to_medium,0.0,0.4003344801814698,10.0,1.2410477365226704,2.0,0.0
fixed_low,transition,medium_to_high,0.0,0.40033448018146983,10.0,1.239873736892277,1.0,0.0
fixed_low,transition,high_to_medium,0.0,0.4003344801814699,10.0,1.1522531494026786,9.0,0.0
fixed_low,transition,medium_to_high,0.0,0.4003344801814698,10.0,1.1703320226642342,2.0,0.0
fixed_low,transition,high_to_medium,0.0,0.40033448018146983,10.0,1.0598194309615219,1.0,0.0
fixed_low,transition,medium_to_high,0.0,0.4003344801814698,10.0,1.2424416186219576,2.0,0.0
fixed_low,transition,high_to_medium,0.0,0.40033448018146983,10.0,1.2397449994077878,1.0,0.0
fixed_low,transition,medium_to_high,0.0,0.4003344801814698,10.0,1.384128607020445,2.0,0.0
fixed_low,transition,high_to_medium,0.0,0.4003344801814698,10.0,1.6083322005801628,2.0,0.0
fixed_low,transition,medium_to_high,0.0,0.40033448018146983,10.0,1.613378917603553,1.0,0.0
fixed_low,transition,high_to_medium,0.0,0.4003344801814698,10.0,1.6183660730978402,12.0,0.0
fixed_low,transition,medium_to_high,0.0,0.40033448018146983,10.0,1.6272835709477769,11.0,0.0
fixed_low,transition,high_to_medium,0.0,0.40033448018146983,10.0,1.130246207330763,1.0,0.0
fixed_low,transition,medium_to_high,0.0,0.40033448018146983,10.0,1.3065625214385113,1.0,0.0
fixed_low,transition,high_to_medium,0.0,0.40033448018146983,10.0,1.3057922112811036,0.0,0.0
fixed_low,transition,medium_to_high,0.0,0.4003344801814698,10.0,1.3027630861731356,14.0,0.0
fixed_low,transition,high_to_medium,0.0,0.4003344801814698,10.0,1.2141077161642937,12.0,0.0
fixed_low,transition,medium_to_high,0.0,0.4003344801814698,10.0,1.3477915884300784,16.0,0.0
fixed_low,transition,high_to_medium,0.0,0.4003344801814698,10.0,1.2568503103296953,3.0,0.0
fixed_low,transition,medium_to_high,0.0,0.4003344801814698,10.0,1.2558381008552284,2.0,0.0
fixed_low,transition,high_to_medium,0.0,0.40033448018146983,10.0,1.249773242986877,17.0,0.0
fixed_low,transition,medium_to_high,0.0,0.4003344801814698,10.0,1.2445783548620823,12.0,0.0
fixed_low,transition,high_to_medium,0.0,0.40033448018146983,10.0,1.2431950471749318,11.0,0.0
fixed_low,transition,medium_to_high,0.0,0.4003344801814698,10.0,1.1932191505308483,2.0,0.0
fixed_low,transition,high_to_medium,0.0,0.40033448018146983,10.0,1.1845438797778605,1.0,0.0
fixed_low,transition,medium_to_low,0.0,0.40033448018146983,10.0,0.49112943083136607,1.0,0.0
fixed_low,transition,low_to_medium,0.0,0.40033448018146983,10.0,0.4932333510314214,0.0,0.0
fixed_low,transition,medium_to_low,0.0,0.4003344801814698,10.0,0.49531723838676767,19.0,0.0
fixed_low,transition,low_to_medium,0.0,0.40033448018146983,10.0,0.6058008509780963,0.0,0.0
fixed_low,transition,medium_to_high,0.0,0.40033448018146983,10.0,1.5721474261038757,4.0,0.0
fixed_low,transition,high_to_medium,0.0,0.4003344801814698,10.0,0.9475710488036558,16.0,0.0
fixed_low,transition,medium_to_low,0.0,0.4003344801814698,10.0,0.3237190923034989,2.0,0.0
fixed_low,transition,low_to_medium,0.0,0.4003344801814698,10.0,0.8771448657403228,15.0,0.0
fixed_low,transition,medium_to_high,0.0,0.4003344801814698,10.0,1.638723062374755,3.0,0.0
fixed_low,transition,high_to_medium,0.0,0.40033448018146983,10.0,1.206615089326941,1.0,0.0
fixed_low,transition,medium_to_high,0.0,0.40033448018146983,10.0,1.2048517344723626,0.0,0.0
fixed_low,transition,high_to_medium,0.0,0.4003344801814698,10.0,1.19755971226221,16.0,0.0
fixed_low,transition,medium_to_high,0.0,0.4003344801814698,10.0,1.4035290550668436,2.0,0.0
fixed_low,transition,high_to_medium,0.0,0.40033448018146983,10.0,1.4046448638219158,1.0,0.0
fixed_low,transition,medium_to_high,0.0,0.40033448018146983,10.0,1.4054515370930494,0.0,0.0
fixed_low,transition,high_to_medium,0.0,0.40033448018146983,10.0,1.2742070591515369,1.0,0.0
fixed_low,transition,medium_to_high,0.0,0.40033448018146983,10.0,1.4025934798442936,7.0,0.0
fixed_low,transition,high_to_medium,0.0,0.40033448018146983,10.0,1.5402632138179368,1.0,0.0
fixed_low,transition,medium_to_high,0.0,0.40033448018146983,10.0,1.5450791917282778,0.0,0.0
fixed_low,transition,high_to_medium,0.0,0.40033448018146983,10.0,1.146111176113805,8.0,0.0
fixed_low,transition,medium_to_high,0.0,0.4003344801814698,10.0,1.08935382262719,12.0,0.0
fixed_low,transition,high_to_medium,0.0,0.40033448018146983,10.0,1.0841305604522502,11.0,0.0
fixed_low,transition,medium_to_low,0.0,0.4003344801814698,10.0,0.31930420194518616,16.0,0.0
fixed_low,transition,low_to_medium,0.0,0.40033448018146983,10.0,0.7224183299197611,5.0,0.0
fixed_low,transition,medium_to_high,0.0,0.4003344801814698,10.0,1.6312232274854261,14.0,0.0
fixed_low,transition,high_to_medium,0.0,0.40033448018146983,10.0,1.3435250935233385,1.0,0.0
fixed_low,transition,medium_to_high,0.0,0.40033448018146983,10.0,1.3422643156873826,0.0,0.0
fixed_low,transition,high_to_medium,0.0,0.4003344801814698,10.0,0.9429740617754129,2.0,0.0
fixed_low,transition,medium_to_low,0.0,0.40033448018146983,10.0,0.8804670894742053,11.0,0.0
fixed_low,transition,low_to_medium,0.0,0.4003344801814699,10.0,0.8835531710169158,10.0,0.0
fixed_low,transition,medium_to_high,0.0,0.40033448018146983,10.0,0.735603894724793,1.0,0.0
fixed_low,transition,high_to_medium,0.0,0.40033448018146983,10.0,0.7293748604848487,0.0,0.0
fixed_low,transition,medium_to_high,0.0,0.4003344801814698,10.0,1.45226157331403,14.0,0.0
fixed_low,transition,high_to_medium,0.0,0.4003344801814699,10.0,1.2056245852434317,6.0,0.0
fixed_low,transition,medium_to_high,0.0,0.40033448018146983,10.0,1.1560773781801257,1.0,0.0
fixed_low,transition,high_to_medium,0.0,0.40033448018146983,10.0,1.1302909466628743,0.0,0.0
fixed_low,transition,medium_to_high,0.0,0.40033448018146983,10.0,1.3412496583421132,11.0,0.0
fixed_low,transition,high_to_medium,0.0,0.4003344801814699,10.0,1.3422836030416634,10.0,0.0
fixed_low,transition,medium_to_high,0.0,0.40033448018146983,10.0,1.3538823852879682,1.0,0.0
fixed_low,transition,high_to_medium,0.0,0.40033448018146983,10.0,1.5049856212913364,11.0,0.0
fixed_low,transition,medium_to_high,0.0,0.4003344801814699,10.0,1.5117154181791255,10.0,0.0
fixed_low,transition,high_to_medium,0.0,0.40033448018146983,10.0,1.5303772169632912,1.0,0.0
fixed_low,transition,medium_to_high,0.0,0.40033448018146983,10.0,1.5345497717103407,0.0,0.0
fixed_low,transition,high_to_medium,0.0,0.40033448018146983,10.0,1.5531687137766657,1.0,0.0
fixed_low,transition,medium_to_high,0.0,0.40033448018146983,10.0,1.5611636653785446,0.0,0.0
fixed_low,transition,high_to_medium,0.0,0.40033448018146983,10.0,1.1309226947656383,11.0,0.0
fixed_low,transition,medium_to_low,0.0,0.40033448018146983,10.0,0.3909314115005941,11.0,0.0
fixed_low,transition,low_to_medium,0.0,0.4003344801814699,10.0,0.39017869024052443,10.0,0.0
fixed_low,transition,medium_to_low,0.0,0.4003344801814698,10.0,0.3837360193338762,2.0,0.0
fixed_low,transition,low_to_medium,0.0,0.40033448018146983,10.0,0.4724468743530293,0.0,0.0
fixed_low,transition,medium_to_low,0.0,0.40033448018146983,10.0,0.4375951254160377,1.0,0.0
fixed_low,transition,low_to_medium,0.0,0.40033448018146983,10.0,0.4382684651633266,0.0,0.0
fixed_low,transition,medium_to_low,0.0,0.4003344801814698,10.0,0.43984848481916244,16.0,0.0
fixed_low,transition,low_to_medium,0.0,0.40033448018146983,10.0,0.5017095527001906,11.0,0.0
fixed_low,transition,medium_to_low,0.0,0.4003344801814699,10.0,0.5028861359803934,10.0,0.0
fixed_low,transition,low_to_medium,0.0,0.40033448018146983,10.0,0.5103142562952763,4.0,0.0
fixed_low,transition,medium_to_low,0.0,0.4003344801814698,10.0,0.37399447827064725,13.0,0.0
fixed_low,transition,low_to_medium,0.0,0.40033448018146983,10.0,0.20279669514871465,1.0,0.0
fixed_low,transition,medium_to_low,0.0,0.40033448018146983,10.0,0.1989438621031632,0.0,0.0
fixed_matched,phase_summary,low,0.0,0.46030048974308285,6.619544485582857,0.17283402829031316,,
fixed_matched,phase_summary,medium,0.0,0.4625293136610917,6.687612208258528,0.9004172178818391,,
fixed_matched,phase_summary,high,0.0,0.46251228494434504,6.686268104105412,1.809937310282865,,
fixed_matched,transition,low_to_medium,0.0,0.46479305261515974,6.0,0.5956995676637041,13.0,0.0
fixed_matched,transition,medium_to_low,0.0,0.4639444876247283,8.0,0.436114331731528,7.0,0.0
fixed_matched,transition,low_to_medium,0.0,0.46521590244081296,6.0,0.6012273234962536,12.0,0.0
fixed_matched,transition,medium_to_low,0.0,0.46249514359297955,6.0,0.4756393621724592,20.0,0.0
fixed_matched,transition,low_to_high,0.0,0.46060595432724,8.0,0.5696785461951485,2.0,0.0
fixed_matched,transition,high_to_low,0.0,0.4599281999492387,8.0,0.5640300151148181,1.0,0.0
fixed_matched,transition,low_to_medium,0.0,0.4608489821748158,6.0,0.7380328889657259,25.0,0.0
fixed_matched,transition,medium_to_low,0.0,0.4634973829872774,6.0,0.5273862800623212,17.0,0.0
fixed_matched,transition,low_to_high,0.0,0.4618288420977567,6.0,0.6619001278110389,22.0,0.0
fixed_matched,transition,high_to_low,0.0,0.46215922142889565,6.0,0.6540598915640302,21.0,0.0
fixed_matched,transition,low_to_medium,0.0,0.460603075311685,8.0,0.7040337952950881,2.0,0.0
fixed_matched,transition,medium_to_low,0.0,0.45988107726996363,6.0,0.5805589075814828,28.0,0.0
fixed_matched,transition,low_to_medium,0.0,0.4638364548834584,6.0,0.7686740297928278,16.0,0.0
fixed_matched,transition,medium_to_high,0.0,0.46060347090812415,8.0,0.5439737185252368,2.0,0.0
fixed_matched,transition,high_to_medium,0.0,0.4599257815234744,8.0,0.5365424495391128,1.0,0.0
fixed_matched,transition,medium_to_low,0.0,0.4645191113101741,6.0,0.5345024718063022,14.0,0.0
fixed_matched,transition,low_to_medium,0.0,0.4606035032512212,8.0,0.5987954090803121,2.0,0.0
fixed_matched,transition,medium_to_low,0.0,0.4599258130203492,8.0,0.5985956002040278,1.0,0.0
fixed_matched,transition,low_to_medium,0.0,0.45924473211080696,8.0,0.7489790614097326,0.0,0.0
fixed_matched,transition,medium_to_high,0.0,0.46060350865784455,8.0,0.5815551863785007,2.0,0.0
fixed_matched,transition,high_to_medium,0.0,0.4599258179740214,8.0,0.5758309871764095,1.0,0.0
fixed_matched,transition,medium_to_low,0.0,0.46249170965071046,6.0,0.6208619652322835,20.0,0.0
fixed_matched,transition,low_to_medium,0.0,0.465208552439121,6.0,0.7596241375919788,12.0,0.0
fixed_matched,transition,medium_to_low,0.0,0.4652085502852396,6.0,0.5499095360074838,12.0,0.0
fixed_matched,transition,low_to_medium,0.0,0.4618292951703083,6.0,0.6638219449702468,22.0,0.0
fixed_matched,transition,medium_to_low,0.0,0.46215967371086797,6.0,0.6617708115634197,21.0,0.0
fixed_matched,transition,low_to_medium,0.0,0.4592447272814109,8.0,0.7499961078019405,0.0,0.0
fixed_matched,transition,medium_to_high,0.0,0.46060350418715923,8.0,0.24411659635463331,2.0,0.0
fixed_matched,transition,high_to_medium,0.0,0.459925813560948,8.0,0.23072988001285955,1.0,0.0
fixed_matched,transition,medium_to_low,0.0,0.46417697790751083,6.0,0.15749044789153907,15.0,0.0
fixed_matched,transition,low_to_medium,0.0,0.4652085501280684,6.0,0.14693180563041822,12.0,0.0
fixed_matched,transition,medium_to_low,0.0,0.4655558622140545,6.0,0.14322638422206024,11.0,0.0
fixed_matched,transition,low_to_medium,0.0,0.4592447276156802,8.0,0.4773722292180749,0.0,0.0
fixed_matched,transition,medium_to_low,0.0,0.4652085503459522,6.0,0.4923475765090241,12.0,0.0
fixed_matched,transition,low_to_medium,0.0,0.46555586242985647,6.0,0.49362431974493753,11.0,0.0
fixed_matched,transition,medium_to_high,0.0,0.4652085503459522,6.0,1.3502288588721143,12.0,0.0
fixed_matched,transition,high_to_medium,0.0,0.46555586242985647,6.0,1.3506900801416981,11.0,0.0
fixed_matched,transition,medium_to_high,0.0,0.4606035044473208,8.0,1.3581977227511743,2.0,0.0
fixed_matched,transition,high_to_medium,0.0,0.4652085503459522,6.0,1.3623126311978657,12.0,0.0
fixed_matched,transition,medium_to_high,0.0,0.46555586242985647,6.0,1.3635789384292856,11.0,0.0
fixed_matched,transition,high_to_medium,0.0,0.46150056144790347,6.0,1.3695632464535612,23.0,0.0
fixed_matched,transition,medium_to_high,0.0,0.4618292954012151,6.0,1.3712095299847058,22.0,0.0
fixed_matched,transition,high_to_medium,0.0,0.4652085503459522,6.0,1.460730652475881,12.0,0.0
fixed_matched,transition,medium_to_high,0.0,0.46555586242985647,6.0,1.4655434350094898,11.0,0.0
fixed_matched,transition,high_to_medium,0.0,0.4652085503459522,6.0,1.5000924954901882,12.0,0.0
fixed_matched,transition,medium_to_high,0.0,0.46555586242985647,6.0,1.5086918737575155,11.0,0.0
fixed_matched,transition,high_to_medium,0.0,0.4652537522495853,8.0,1.1544370366452588,9.0,0.0
fixed_matched,transition,medium_to_high,0.0,0.4652085503459522,6.0,1.3070874461905888,12.0,0.0
fixed_matched,transition,high_to_medium,0.0,0.46555586242985647,6.0,1.228084478023091,11.0,0.0
fixed_matched,transition,medium_to_high,0.0,0.4618292954012151,6.0,1.3231403485292015,22.0,0.0
fixed_matched,transition,high_to_medium,0.0,0.46215967394633767,6.0,1.3026453989570859,21.0,0.0
fixed_matched,transition,medium_to_high,0.0,0.46150056144790347,6.0,1.567928442262109,23.0,0.0
fixed_matched,transition,high_to_medium,0.0,0.4618292954012151,6.0,1.5729311769080578,22.0,0.0
fixed_matched,transition,medium_to_high,0.0,0.46215967394633767,6.0,1.5780079735596093,21.0,0.0
fixed_matched,transition,high_to_medium,0.0,0.4608479918533921,6.0,0.9297867403687935,25.0,0.0
fixed_matched,transition,medium_to_low,0.0,0.4659049166297061,6.0,0.48148295149942916,10.0,0.0
fixed_matched,transition,low_to_medium,0.0,0.4659049166297061,6.0,1.005377579237247,10.0,0.0
fixed_matched,transition,medium_to_high,0.0,0.4641769781316069,6.0,1.3405950727095162,15.0,0.0
fixed_matched,transition,high_to_medium,0.0,0.46486297151216277,6.0,0.8841085193356821,13.0,0.0
fixed_matched,transition,medium_to_high,0.0,0.4618292954012151,6.0,1.1167647726500585,22.0,0.0
fixed_matched,transition,high_to_medium,0.0,0.46215967394633767,6.0,1.1141887669112742,21.0,0.0
fixed_matched,transition,medium_to_high,0.0,0.46555586242985647,6.0,1.4689556355444588,11.0,0.0
fixed_matched,transition,high_to_medium,0.0,0.4606035044473208,8.0,1.503089291187994,2.0,0.0
fixed_matched,transition,medium_to_high,0.0,0.4599258138182939,8.0,1.5071685590631914,1.0,0.0
fixed_matched,transition,high_to_medium,0.0,0.4618292954012151,6.0,1.2410477365226704,22.0,0.0
fixed_matched,transition,medium_to_high,0.0,0.46215967394633767,6.0,1.239873736892277,21.0,0.0
fixed_matched,transition,high_to_medium,0.0,0.46282540027533764,6.0,1.1522531494026786,19.0,0.0
fixed_matched,transition,medium_to_high,0.0,0.4606035044473208,8.0,1.1703320226642342,2.0,0.0
fixed_matched,transition,high_to_medium,0.0,0.4599258138182939,8.0,1.0598194309615219,1.0,0.0
fixed_matched,transition,medium_to_high,0.0,0.4606035044473208,8.0,1.2424416186219576,2.0,0.0
fixed_matched,transition,high_to_medium,0.0,0.4599258138182939,8.0,1.2397449994077878,1.0,0.0
fixed_matched,transition,medium_to_high,0.0,0.4606035044473208,8.0,1.384128607020445,2.0,0.0
fixed_matched,transition,high_to_medium,0.0,0.4606035044473208,8.0,1.6083322005801628,2.0,0.0
fixed_matched,transition,medium_to_high,0.0,0.4599258138182939,8.0,1.613378917603553,1.0,0.0
fixed_matched,transition,high_to_medium,0.0,0.4606035044473208,8.0,1.6183660730978402,2.0,0.0
fixed_matched,transition,medium_to_high,0.0,0.4599258138182939,8.0,1.6272835709477769,1.0,0.0
fixed_matched,transition,high_to_medium,0.0,0.4599258138182939,8.0,1.130246207330763,1.0,0.0
fixed_matched,transition,medium_to_high,0.0,0.4599258138182939,8.0,1.3065625214385113,1.0,0.0
fixed_matched,transition,high_to_medium,0.0,0.4592447276156802,8.0,1.3057922112811036,0.0,0.0
fixed_matched,transition,medium_to_high,0.0,0.4611734632205727,6.0,1.3027630861731356,24.0,0.0
fixed_matched,transition,high_to_medium,0.0,0.4618292954012151,6.0,1.2141077161642937,22.0,0.0
fixed_matched,transition,medium_to_high,0.0,0.4605241384805314,6.0,1.3477915884300784,26.0,0.0
fixed_matched,transition,high_to_medium,0.0,0.46150056144790347,6.0,1.2568503103296953,23.0,0.0
fixed_matched,transition,medium_to_high,0.0,0.4618292954012151,6.0,1.2558381008552284,22.0,0.0
fixed_matched,transition,high_to_medium,0.0,0.46349781136154633,6.0,1.249773242986877,17.0,0.0
fixed_matched,transition,medium_to_high,0.0,0.4652085503459522,6.0,1.2445783548620823,12.0,0.0
fixed_matched,transition,high_to_medium,0.0,0.46555586242985647,6.0,1.2431950471749318,11.0,0.0
fixed_matched,transition,medium_to_high,0.0,0.4618292954012151,6.0,1.1932191505308483,22.0,0.0
fixed_matched,transition,high_to_medium,0.0,0.46215967394633767,6.0,1.1845438797778605,21.0,0.0
fixed_matched,transition,medium_to_low,0.0,0.46215967394633767,6.0,0.49112943083136607,21.0,0.0
fixed_matched,transition,low_to_medium,0.0,0.4624917059491018,6.0,0.4932333510314214,20.0,0.0
fixed_matched,transition,medium_to_low,0.0,0.46282540027533764,6.0,0.49531723838676767,19.0,0.0
fixed_matched,transition,low_to_medium,0.0,0.4659049166297061,6.0,0.6058008509780963,10.0,0.0
fixed_matched,transition,medium_to_high,0.0,0.46194876991125744,8.0,1.5721474261038757,4.0,0.0
fixed_matched,transition,high_to_medium,0.0,0.4632806658607765,8.0,0.9475710488036558,6.0,0.0
fixed_matched,transition,medium_to_low,0.0,0.4606035044473208,8.0,0.3237190923034989,2.0,0.0
fixed_matched,transition,low_to_medium,0.0,0.4608479918533921,6.0,0.8771448657403228,25.0,0.0
fixed_matched,transition,medium_to_high,0.0,0.46150056144790347,6.0,1.638723062374755,23.0,0.0
fixed_matched,transition,high_to_medium,0.0,0.46555586242985647,6.0,1.206615089326941,11.0,0.0
fixed_matched,transition,medium_to_high,0.0,0.4659049166297061,6.0,1.2048517344723626,10.0,0.0
fixed_matched,transition,high_to_medium,0.0,0.4632806658607765,8.0,1.19755971226221,6.0,0.0
fixed_matched,transition,medium_to_high,0.0,0.4606035044473208,8.0,1.4035290550668436,2.0,0.0
fixed_matched,transition,high_to_medium,0.0,0.4599258138182939,8.0,1.4046448638219158,1.0,0.0
fixed_matched,transition,medium_to_high,0.0,0.4592447276156802,8.0,1.4054515370930494,0.0,0.0
fixed_matched,transition,high_to_medium,0.0,0.46215967394633767,6.0,1.2742070591515369,21.0,0.0
fixed_matched,transition,medium_to_high,0.0,0.46349781136154633,6.0,1.4025934798442936,17.0,0.0
fixed_matched,transition,high_to_medium,0.0,0.4599258138182939,8.0,1.5402632138179368,1.0,0.0
fixed_matched,transition,medium_to_high,0.0,0.4592447276156802,8.0,1.5450791917282778,0.0,0.0
fixed_matched,transition,high_to_medium,0.0,0.4598812502544483,6.0,1.146111176113805,28.0,0.0
fixed_matched,transition,medium_to_high,0.0,0.4652085503459522,6.0,1.08935382262719,12.0,0.0
fixed_matched,transition,high_to_medium,0.0,0.46555586242985647,6.0,1.0841305604522502,11.0,0.0
fixed_matched,transition,medium_to_low,0.0,0.4605241384805314,6.0,0.31930420194518616,26.0,0.0
fixed_matched,transition,low_to_medium,0.0,0.4641769781316069,6.0,0.7224183299197611,15.0,0.0
fixed_matched,transition,medium_to_high,0.0,0.4645191170626578,6.0,1.6312232274854261,14.0,0.0
fixed_matched,transition,high_to_medium,0.0,0.46215967394633767,6.0,1.3435250935233385,21.0,0.0
fixed_matched,transition,medium_to_high,0.0,0.4624917059491018,6.0,1.3422643156873826,20.0,0.0
fixed_matched,transition,high_to_medium,0.0,0.4618292954012151,6.0,0.9429740617754129,22.0,0.0
fixed_matched,transition,medium_to_low,0.0,0.46555586242985647,6.0,0.8804670894742053,11.0,0.0
fixed_matched,transition,low_to_medium,0.0,0.4659049166297061,6.0,0.8835531710169158,10.0,0.0
fixed_matched,transition,medium_to_high,0.0,0.46215967394633767,6.0,0.735603894724793,21.0,0.0
fixed_matched,transition,high_to_medium,0.0,0.4624917059491018,6.0,0.7293748604848487,20.0,0.0
fixed_matched,transition,medium_to_high,0.0,0.46194876991125744,8.0,1.45226157331403,4.0,0.0
fixed_matched,transition,high_to_medium,0.0,0.4632806658607765,8.0,1.2056245852434317,6.0,0.0
fixed_matched,transition,medium_to_high,0.0,0.46555586242985647,6.0,1.1560773781801257,11.0,0.0
fixed_matched,transition,high_to_medium,0.0,0.4659049166297061,6.0,1.1302909466628743,10.0,0.0
fixed_matched,transition,medium_to_high,0.0,0.46555586242985647,6.0,1.3412496583421132,11.0,0.0
fixed_matched,transition,high_to_medium,0.0,0.4659049166297061,6.0,1.3422836030416634,10.0,0.0
fixed_matched,transition,medium_to_high,0.0,0.4599258138182939,8.0,1.3538823852879682,1.0,0.0
fixed_matched,transition,high_to_medium,0.0,0.4599258138182939,8.0,1.5049856212913364,1.0,0.0
fixed_matched,transition,medium_to_high,0.0,0.4592447276156802,8.0,1.5117154181791255,0.0,0.0
fixed_matched,transition,high_to_medium,0.0,0.46555586242985647,6.0,1.5303772169632912,11.0,0.0
fixed_matched,transition,medium_to_high,0.0,0.4659049166297061,6.0,1.5345497717103407,10.0,0.0
fixed_matched,transition,high_to_medium,0.0,0.4599258138182939,8.0,1.5531687137766657,1.0,0.0
fixed_matched,transition,medium_to_high,0.0,0.4592447276156802,8.0,1.5611636653785446,0.0,0.0
fixed_matched,transition,high_to_medium,0.0,0.4599258138182939,8.0,1.1309226947656383,1.0,0.0
fixed_matched,transition,medium_to_low,0.0,0.46555586242985647,6.0,0.3909314115005941,11.0,0.0
fixed_matched,transition,low_to_medium,0.0,0.4659049166297061,6.0,0.39017869024052443,10.0,0.0
fixed_matched,transition,medium_to_low,0.0,0.4606035044473208,8.0,0.3837360193338762,2.0,0.0
fixed_matched,transition,low_to_medium,0.0,0.4659049166297061,6.0,0.4724468743530293,10.0,0.0
fixed_matched,transition,medium_to_low,0.0,0.46215967394633767,6.0,0.4375951254160377,21.0,0.0
fixed_matched,transition,low_to_medium,0.0,0.4624917059491018,6.0,0.4382684651633266,20.0,0.0
fixed_matched,transition,medium_to_low,0.0,0.46383654585317996,6.0,0.43984848481916244,16.0,0.0
fixed_matched,transition,low_to_medium,0.0,0.46555586242985647,6.0,0.5017095527001906,11.0,0.0
fixed_matched,transition,medium_to_low,0.0,0.4659049166297061,6.0,0.5028861359803934,10.0,0.0
fixed_matched,transition,low_to_medium,0.0,0.46194876991125744,8.0,0.5103142562952763,4.0,0.0
fixed_matched,transition,medium_to_low,0.0,0.46127781723442174,8.0,0.37399447827064725,3.0,0.0
fixed_matched,transition,low_to_medium,0.0,0.46215967394633767,6.0,0.20279669514871465,21.0,0.0
fixed_matched,transition,medium_to_low,0.0,0.4624917059491018,6.0,0.1989438621031632,20.0,0.0
heuristic,phase_summary,low,0.0,0.46235142749803965,6.64198361943229,0.17283402829031316,,
heuristic,phase_summary,medium,0.0,0.4648833810263912,6.642728904847396,0.9004172178818391,,
heuristic,phase_summary,high,0.0,0.4648818063804103,6.686268104105412,1.809937310282865,,
heuristic,transition,low_to_medium,0.0,0.46897851564903553,6.0,0.5956995676637041,3.0,0.0
heuristic,transition,medium_to_low,0.0,0.4605071513083836,6.0,0.436114331731528,7.0,0.0
heuristic,transition,low_to_medium,0.0,0.4679348478264674,8.0,0.6012273234962536,12.0,0.0
heuristic,transition,medium_to_low,0.0,0.46719504840032394,6.0,0.4756393621724592,10.0,0.0
heuristic,transition,low_to_high,0.0,0.47122563451000377,6.0,0.5696785461951485,32.0,0.0
heuristic,transition,high_to_low,0.0,0.47137418515721,6.0,0.5640300151148181,31.0,0.0
heuristic,transition,low_to_medium,0.0,0.46168625989843126,6.0,0.7380328889657259,35.0,0.0
heuristic,transition,medium_to_low,0.0,0.4711608920829602,8.0,0.5273862800623212,17.0,0.0
heuristic,transition,low_to_high,0.0,0.462790699856872,6.0,0.6619001278110389,32.0,0.0
heuristic,transition,high_to_low,0.0,0.46316347704582916,6.0,0.6540598915640302,31.0,0.0
heuristic,transition,low_to_medium,0.0,0.4620389784019637,8.0,0.7040337952950881,12.0,0.0
heuristic,transition,medium_to_low,0.0,0.46059219827719433,6.0,0.5805589075814828,38.0,0.0
heuristic,transition,low_to_medium,0.0,0.45568849235702236,6.0,0.7686740297928278,16.0,0.0
heuristic,transition,medium_to_high,0.0,0.47122130182397465,6.0,0.5439737185252368,32.0,0.0
heuristic,transition,high_to_medium,0.0,0.47136988817800635,6.0,0.5365424495391128,31.0,0.0
heuristic,transition,medium_to_low,0.0,0.465825562684952,6.0,0.5345024718063022,24.0,0.0
heuristic,transition,low_to_medium,0.0,0.46203929073644645,8.0,0.5987954090803121,12.0,0.0
heuristic,transition,medium_to_low,0.0,0.46135543238445015,8.0,0.5985956002040278,11.0,0.0
heuristic,transition,low_to_medium,0.0,0.4644629387285971,6.0,0.7489790614097326,0.0,0.0
heuristic,transition,medium_to_high,0.0,0.46203933589092294,8.0,0.5815551863785007,12.0,0.0
heuristic,transition,high_to_medium,0.0,0.4613554763485027,8.0,0.5758309871764095,11.0,0.0
heuristic,transition,medium_to_low,0.0,0.45360265716991116,8.0,0.6208619652322835,0.0,0.0
heuristic,transition,low_to_medium,0.0,0.4694739990911316,6.0,0.7596241375919788,2.0,0.0
heuristic,transition,medium_to_low,0.0,0.4578167967936836,6.0,0.5499095360074838,12.0,0.0
heuristic,transition,low_to_medium,0.0,0.4666338306103129,6.0,0.6638219449702468,12.0,0.0
heuristic,transition,medium_to_low,0.0,0.46691142493253346,6.0,0.6617708115634197,11.0,0.0
heuristic,transition,low_to_medium,0.0,0.47151935177823956,6.0,0.7499961078019405,30.0,0.0
heuristic,transition,medium_to_high,0.0,0.4633272824625901,6.0,0.24411659635463331,2.0,0.0
heuristic,transition,high_to_medium,0.0,0.46389369153795906,6.0,0.23072988001285955,1.0,0.0
heuristic,transition,medium_to_low,0.0,0.4686068148148596,6.0,0.15749044789153907,5.0,0.0
heuristic,transition,low_to_medium,0.0,0.4694739953853155,6.0,0.14693180563041822,2.0,0.0
heuristic,transition,medium_to_low,0.0,0.46976598857007246,6.0,0.14322638422206024,1.0,0.0
heuristic,transition,low_to_medium,0.0,0.4598740732144339,8.0,0.4773722292180749,0.0,0.0
heuristic,transition,medium_to_low,0.0,0.4666033264873205,6.0,0.4923475765090241,22.0,0.0
heuristic,transition,low_to_medium,0.0,0.46699509208238754,6.0,0.49362431974493753,21.0,0.0
heuristic,transition,medium_to_high,0.0,0.4666033264873204,6.0,1.3502288588721143,22.0,0.0
heuristic,transition,high_to_medium,0.0,0.46699509208238743,6.0,1.3506900801416981,21.0,0.0
heuristic,transition,medium_to_high,0.0,0.4620393336404009,8.0,1.3581977227511743,12.0,0.0
heuristic,transition,high_to_medium,0.0,0.46794043810287744,8.0,1.3623126311978657,12.0,0.0
heuristic,transition,medium_to_high,0.0,0.46728662937114246,8.0,1.3635789384292856,11.0,0.0
heuristic,transition,high_to_medium,0.0,0.4663576376743442,6.0,1.3695632464535612,13.0,0.0
heuristic,transition,medium_to_high,0.0,0.46663383030748895,6.0,1.3712095299847058,12.0,0.0
heuristic,transition,high_to_medium,0.0,0.4666033264873204,6.0,1.460730652475881,22.0,0.0
heuristic,transition,medium_to_high,0.0,0.46699509208238743,6.0,1.4655434350094898,21.0,0.0
heuristic,transition,high_to_medium,0.0,0.4578167961547561,6.0,1.5000924954901882,12.0,0.0
heuristic,transition,medium_to_high,0.0,0.45835550203810593,6.0,1.5086918737575155,11.0,0.0
heuristic,transition,high_to_medium,0.0,0.4702021389595394,6.0,1.1544370366452588,39.0,0.0
heuristic,transition,medium_to_high,0.0,0.46947399573050885,6.0,1.3070874461905888,2.0,0.0
heuristic,transition,high_to_medium,0.0,0.46976598891420884,6.0,1.228084478023091,1.0,0.0
heuristic,transition,medium_to_high,0.0,0.4627909298369521,6.0,1.3231403485292015,32.0,0.0
heuristic,transition,high_to_medium,0.0,0.4631637130779236,6.0,1.3026453989570859,31.0,0.0
heuristic,transition,medium_to_high,0.0,0.46635763767434424,6.0,1.567928442262109,13.0,0.0
heuristic,transition,high_to_medium,0.0,0.46663383030748906,6.0,1.5729311769080578,12.0,0.0
heuristic,transition,medium_to_high,0.0,0.4669114246424477,6.0,1.5780079735596093,11.0,0.0
heuristic,transition,high_to_medium,0.0,0.46580942974399797,6.0,0.9297867403687935,15.0,0.0
heuristic,transition,medium_to_low,0.0,0.47005946016584327,6.0,0.48148295149942916,0.0,0.0
heuristic,transition,low_to_medium,0.0,0.46738881300304924,6.0,1.005377579237247,20.0,0.0
heuristic,transition,medium_to_high,0.0,0.46988233623812187,8.0,1.3405950727095162,15.0,0.0
heuristic,transition,high_to_medium,0.0,0.46859098033684526,8.0,0.8841085193356821,13.0,0.0
heuristic,transition,medium_to_high,0.0,0.4550442028095803,8.0,1.1167647726500585,2.0,0.0
heuristic,transition,high_to_medium,0.0,0.4543252326408559,8.0,1.1141887669112742,1.0,0.0
heuristic,transition,medium_to_high,0.0,0.46728662937114246,8.0,1.4689556355444588,11.0,0.0
heuristic,transition,high_to_medium,0.0,0.4612524326619705,8.0,1.503089291187994,2.0,0.0
heuristic,transition,medium_to_high,0.0,0.4605649837112201,8.0,1.5071685590631914,1.0,0.0
heuristic,transition,high_to_medium,0.0,0.4550442028095803,8.0,1.2410477365226704,2.0,0.0
heuristic,transition,medium_to_high,0.0,0.4543252326408559,8.0,1.239873736892277,1.0,0.0
heuristic,transition,high_to_medium,0.0,0.4674708461873053,6.0,1.1522531494026786,9.0,0.0
heuristic,transition,medium_to_high,0.0,0.4612524326619705,8.0,1.1703320226642342,2.0,0.0
heuristic,transition,high_to_medium,0.0,0.4605649837112201,8.0,1.0598194309615219,1.0,0.0
heuristic,transition,medium_to_high,0.0,0.4612524326619705,8.0,1.2424416186219576,2.0,0.0
heuristic,transition,high_to_medium,0.0,0.4605649837112201,8.0,1.2397449994077878,1.0,0.0
heuristic,transition,medium_to_high,0.0,0.46332728282588426,6.0,1.384128607020445,2.0,0.0
heuristic,transition,high_to_medium,0.0,0.4612524326619705,8.0,1.6083322005801628,2.0,0.0
heuristic,transition,medium_to_high,0.0,0.4605649837112201,8.0,1.613378917603553,1.0,0.0
heuristic,transition,high_to_medium,0.0,0.4620393336404009,8.0,1.6183660730978402,12.0,0.0
heuristic,transition,medium_to_high,0.0,0.4613554740161147,8.0,1.6272835709477769,11.0,0.0
heuristic,transition,high_to_medium,0.0,0.4638936919023926,6.0,1.130246207330763,1.0,0.0
heuristic,transition,medium_to_high,0.0,0.4605649837112201,8.0,1.3065625214385113,1.0,0.0
heuristic,transition,high_to_medium,0.0,0.4598740732144338,8.0,1.3057922112811036,0.0,0.0
heuristic,transition,medium_to_high,0.0,0.46205087641064874,6.0,1.3027630861731356,34.0,0.0
heuristic,transition,high_to_medium,0.0,0.46663383030748906,6.0,1.2141077161642937,12.0,0.0
heuristic,transition,medium_to_high,0.0,0.4613181045249742,6.0,1.3477915884300784,36.0,0.0
heuristic,transition,high_to_medium,0.0,0.47258604655138897,6.0,1.2568503103296953,23.0,0.0
heuristic,transition,medium_to_high,0.0,0.4727415169919101,6.0,1.2558381008552284,22.0,0.0
heuristic,transition,high_to_medium,0.0,0.4711608389282585,8.0,1.249773242986877,17.0,0.0
heuristic,transition,medium_to_high,0.0,0.46794043810287744,8.0,1.2445783548620823,12.0,0.0
heuristic,transition,high_to_medium,0.0,0.46728662937114246,8.0,1.2431950471749318,11.0,0.0
heuristic,transition,medium_to_high,0.0,0.45504420280958024,8.0,1.1932191505308483,2.0,0.0
heuristic,transition,high_to_medium,0.0,0.45432523264085584,8.0,1.1845438797778605,1.0,0.0
heuristic,transition,medium_to_low,0.0,0.4543252326408559,8.0,0.49112943083136607,1.0,0.0
heuristic,transition,low_to_medium,0.0,0.45360265389355336,8.0,0.4932333510314214,0.0,0.0
heuristic,transition,medium_to_low,0.0,0.4541202763772126,6.0,0.49531723838676767,19.0,0.0
heuristic,transition,low_to_medium,0.0,0.47005946016584327,6.0,0.6058008509780963,0.0,0.0
heuristic,transition,medium_to_high,0.0,0.46261701685200735,8.0,1.5721474261038757,4.0,0.0
heuristic,transition,high_to_medium,0.0,0.4647408141510574,8.0,0.9475710488036558,16.0,0.0
heuristic,transition,medium_to_low,0.0,0.46332728282588415,6.0,0.3237190923034989,2.0,0.0
heuristic,transition,low_to_medium,0.0,0.465809429743998,6.0,0.8771448657403228,15.0,0.0
heuristic,transition,medium_to_high,0.0,0.45575958213138745,8.0,1.638723062374755,3.0,0.0
heuristic,transition,high_to_medium,0.0,0.46699509208238743,6.0,1.206615089326941,21.0,0.0
heuristic,transition,medium_to_high,0.0,0.4673888130030492,6.0,1.2048517344723626,20.0,0.0
heuristic,transition,high_to_medium,0.0,0.4647408141510572,8.0,1.19755971226221,16.0,0.0
heuristic,transition,medium_to_high,0.0,0.4612524326619705,8.0,1.4035290550668436,2.0,0.0
heuristic,transition,high_to_medium,0.0,0.4605649837112201,8.0,1.4046448638219158,1.0,0.0
heuristic,transition,medium_to_high,0.0,0.4598740732144339,8.0,1.4054515370930494,0.0,0.0
heuristic,transition,high_to_medium,0.0,0.4543252326408557,8.0,1.2742070591515369,1.0,0.0
heuristic,transition,medium_to_high,0.0,0.46467346509472707,6.0,1.4025934798442936,27.0,0.0
heuristic,transition,high_to_medium,0.0,0.4605649837112201,8.0,1.5402632138179368,1.0,0.0
heuristic,transition,medium_to_high,0.0,0.4598740732144339,8.0,1.5450791917282778,0.0,0.0
heuristic,transition,high_to_medium,0.0,0.45928323664479087,8.0,1.146111176113805,8.0,0.0
heuristic,transition,medium_to_high,0.0,0.4578167961547562,6.0,1.08935382262719,12.0,0.0
heuristic,transition,high_to_medium,0.0,0.45835550203810593,6.0,1.0841305604522502,11.0,0.0
heuristic,transition,medium_to_low,0.0,0.4655374005620475,6.0,0.31930420194518616,16.0,0.0
heuristic,transition,low_to_medium,0.0,0.46543965785535074,6.0,0.7224183299197611,25.0,0.0
heuristic,transition,medium_to_high,0.0,0.46923827380470634,8.0,1.6312232274854261,14.0,0.0
heuristic,transition,high_to_medium,0.0,0.4543252326408557,8.0,1.3435250935233385,1.0,0.0
heuristic,transition,medium_to_high,0.0,0.45360265389355336,8.0,1.3422643156873826,0.0,0.0
heuristic,transition,high_to_medium,0.0,0.4727415169919101,6.0,0.9429740617754129,22.0,0.0
heuristic,transition,medium_to_low,0.0,0.46728662937114246,8.0,0.8804670894742053,11.0,0.0
heuristic,transition,low_to_medium,0.0,0.4666295364099792,8.0,0.8835531710169158,10.0,0.0
heuristic,transition,medium_to_high,0.0,0.45432523264085584,8.0,0.735603894724793,1.0,0.0
heuristic,transition,high_to_medium,0.0,0.45360265389355336,8.0,0.7293748604848487,0.0,0.0
heuristic,transition,medium_to_high,0.0,0.46339683002970516,8.0,1.45226157331403,14.0,0.0
heuristic,transition,high_to_medium,0.0,0.4639679676378304,8.0,1.2056245852434317,6.0,0.0
heuristic,transition,medium_to_high,0.0,0.46699509208238754,6.0,1.1560773781801257,21.0,0.0
heuristic,transition,high_to_medium,0.0,0.46738881300304924,6.0,1.1302909466628743,20.0,0.0
heuristic,transition,medium_to_high,0.0,0.45835550203810593,6.0,1.3412496583421132,11.0,0.0
heuristic,transition,high_to_medium,0.0,0.45889691079359424,6.0,1.3422836030416634,10.0,0.0
heuristic,transition,medium_to_high,0.0,0.4638936919023926,6.0,1.3538823852879682,1.0,0.0
heuristic,transition,high_to_medium,0.0,0.4613554740161147,8.0,1.5049856212913364,11.0,0.0
heuristic,transition,medium_to_high,0.0,0.4606681831298582,8.0,1.5117154181791255,10.0,0.0
heuristic,transition,high_to_medium,0.0,0.4697659889142089,6.0,1.5303772169632912,1.0,0.0
heuristic,transition,medium_to_high,0.0,0.47005946016584327,6.0,1.5345497717103407,0.0,0.0
heuristic,transition,high_to_medium,0.0,0.4605649837112201,8.0,1.5531687137766657,1.0,0.0
heuristic,transition,medium_to_high,0.0,0.4598740732144339,8.0,1.5611636653785446,0.0,0.0
heuristic,transition,high_to_medium,0.0,0.4613554740161147,8.0,1.1309226947656383,11.0,0.0
heuristic,transition,medium_to_low,0.0,0.45835550203810593,6.0,0.3909314115005941,11.0,0.0
heuristic,transition,low_to_medium,0.0,0.45889691079359424,6.0,0.39017869024052443,10.0,0.0
heuristic,transition,medium_to_low,0.0,0.46332728282588426,6.0,0.3837360193338762,2.0,0.0
heuristic,transition,low_to_medium,0.0,0.4673888130030492,6.0,0.4724468743530293,20.0,0.0
heuristic,transition,medium_to_low,0.0,0.47289776825610963,6.0,0.4375951254160377,21.0,0.0
heuristic,transition,low_to_medium,0.0,0.47305480349663914,6.0,0.4382684651633266,20.0,0.0
heuristic,transition,medium_to_low,0.0,0.47052318536875226,8.0,0.43984848481916244,16.0,0.0
heuristic,transition,low_to_medium,0.0,0.45835550203810593,6.0,0.5017095527001906,11.0,0.0
heuristic,transition,medium_to_low,0.0,0.45889691079359424,6.0,0.5028861359803934,10.0,0.0
heuristic,transition,low_to_medium,0.0,0.46220296298408525,6.0,0.5103142562952763,4.0,0.0
heuristic,transition,medium_to_low,0.0,0.46271977973437745,8.0,0.37399447827064725,13.0,0.0
heuristic,transition,low_to_medium,0.0,0.47289776825610963,6.0,0.20279669514871465,21.0,0.0
heuristic,transition,medium_to_low,0.0,0.4730548034966393,6.0,0.1989438621031632,20.0,0.0
event_trigger,phase_summary,low,0.0,0.6956073654318685,2.8048917311791763,0.17283402829031316,,
event_trigger,phase_summary,medium,0.0,0.6252583180857766,5.228904847396768,0.9004172178818391,,
event_trigger,phase_summary,high,0.0,0.5017342694362924,8.885984972231297,1.809937310282865,,
event_trigger,transition,low_to_medium,0.0,0.7072033781047363,2.0,0.5956995676637041,83.0,0.0
event_trigger,transition,medium_to_low,0.0,0.7133997372077141,2.0,0.436114331731528,77.0,0.0
event_trigger,transition,low_to_medium,0.0,0.7407403135082705,2.0,0.6012273234962536,22.0,0.0
event_trigger,transition,medium_to_low,0.0,0.7412020234334643,2.0,0.4756393621724592,30.0,0.0
event_trigger,transition,low_to_high,0.0,0.7512293390536057,2.0,0.5696785461951485,12.0,0.0
event_trigger,transition,high_to_low,0.0,0.7518120381946575,2.0,0.5640300151148181,11.0,0.0
event_trigger,transition,low_to_medium,0.0,0.7278556547536829,2.0,0.7380328889657259,65.0,0.0
event_trigger,transition,medium_to_low,0.0,0.7093132723786044,2.0,0.5273862800623212,47.0,0.0
event_trigger,transition,low_to_high,0.0,0.7296164639750741,2.0,0.6619001278110389,22.0,0.0
event_trigger,transition,high_to_low,0.0,0.7304827263329726,2.0,0.6540598915640302,21.0,0.0
event_trigger,transition,low_to_medium,0.0,0.7160763731469918,4.0,0.7040337952950881,2.0,0.0
event_trigger,transition,medium_to_low,0.0,0.7197115696219275,2.0,0.5805589075814828,88.0,0.0
event_trigger,transition,low_to_medium,0.0,0.7374980074620231,2.0,0.7686740297928278,46.0,0.0
event_trigger,transition,medium_to_high,0.0,0.6931951959594201,4.0,0.5439737185252368,2.0,0.0
event_trigger,transition,high_to_medium,0.0,0.6898632791059264,4.0,0.5365424495391128,1.0,0.0
event_trigger,transition,medium_to_low,0.0,0.7195439925054272,2.0,0.5345024718063022,34.0,0.0
event_trigger,transition,low_to_medium,0.0,0.7294876579678199,2.0,0.5987954090803121,22.0,0.0
event_trigger,transition,medium_to_low,0.0,0.7303431881876798,2.0,0.5985956002040278,21.0,0.0
event_trigger,transition,low_to_medium,0.0,0.7139636067417316,2.0,0.7489790614097326,80.0,0.0
event_trigger,transition,medium_to_high,0.0,0.7214386290561912,2.0,0.5815551863785007,82.0,0.0
event_trigger,transition,high_to_medium,0.0,0.7218340662042447,2.0,0.5758309871764095,81.0,0.0
event_trigger,transition,medium_to_low,0.0,0.7263142227500843,2.0,0.6208619652322835,70.0,0.0
event_trigger,transition,low_to_medium,0.0,0.7437655152285895,2.0,0.7596241375919788,32.0,0.0
event_trigger,transition,medium_to_low,0.0,0.7292008543731313,2.0,0.5499095360074838,22.0,0.0
event_trigger,transition,low_to_medium,0.0,0.7154681717537116,4.0,0.6638219449702468,2.0,0.0
event_trigger,transition,medium_to_low,0.0,0.7123624470255194,4.0,0.6617708115634197,1.0,0.0
event_trigger,transition,low_to_medium,0.0,0.7185074966181643,2.0,0.7499961078019405,70.0,0.0
event_trigger,transition,medium_to_high,0.0,0.7254116185943841,2.0,0.24411659635463331,72.0,0.0
event_trigger,transition,high_to_medium,0.0,0.7258274651439597,2.0,0.23072988001285955,71.0,0.0
event_trigger,transition,medium_to_low,0.0,0.7327639375133789,2.0,0.15749044789153907,55.0,0.0
event_trigger,transition,low_to_medium,0.0,0.7341254809172248,2.0,0.14693180563041822,52.0,0.0
event_trigger,transition,medium_to_low,0.0,0.7345837230833591,2.0,0.14322638422206024,51.0,0.0
event_trigger,transition,low_to_medium,0.0,0.7342587599605634,2.0,0.4773722292180749,40.0,0.0
event_trigger,transition,medium_to_low,0.0,0.7448770414036419,2.0,0.4923475765090241,22.0,0.0
event_trigger,transition,low_to_medium,0.0,0.7454941882633749,2.0,0.49362431974493753,21.0,0.0
event_trigger,transition,medium_to_high,0.0,0.7379638768437015,2.0,1.3502288588721143,12.0,0.0
event_trigger,transition,high_to_medium,0.0,0.7388645812000072,2.0,1.3506900801416981,11.0,0.0
event_trigger,transition,medium_to_high,0.0,0.7154662225692742,4.0,1.3581977227511743,2.0,0.0
event_trigger,transition,high_to_medium,0.0,0.7511818326969911,2.0,1.3623126311978657,12.0,0.0
event_trigger,transition,medium_to_high,0.0,0.751828793650347,2.0,1.3635789384292856,11.0,0.0
event_trigger,transition,high_to_medium,0.0,0.7170563677866943,2.0,1.3695632464535612,73.0,0.0
event_trigger,transition,medium_to_high,0.0,0.7175373142620238,2.0,1.3712095299847058,72.0,0.0
event_trigger,transition,high_to_medium,0.0,0.7252433566629005,4.0,1.460730652475881,2.0,0.0
event_trigger,transition,medium_to_high,0.0,0.7217628997942889,4.0,1.4655434350094898,1.0,0.0
event_trigger,transition,high_to_medium,0.0,0.7296632794412982,2.0,1.5000924954901882,62.0,0.0
event_trigger,transition,medium_to_high,0.0,0.7300998780047057,2.0,1.5086918737575155,61.0,0.0
event_trigger,transition,high_to_medium,0.0,0.7142208507018242,2.0,1.1544370366452588,79.0,0.0
event_trigger,transition,medium_to_high,0.0,0.6734457536101423,4.0,1.3070874461905888,42.0,0.0
event_trigger,transition,high_to_medium,0.0,0.6720018380278894,4.0,1.228084478023091,41.0,0.0
event_trigger,transition,medium_to_high,0.0,0.4569162972657662,8.0,1.3231403485292015,22.0,0.0
event_trigger,transition,high_to_medium,0.0,0.4568403531252239,8.0,1.3026453989570859,21.0,0.0
event_trigger,transition,medium_to_high,0.0,0.4389993565134228,10.0,1.567928442262109,3.0,0.0
event_trigger,transition,high_to_medium,0.0,0.4384377975487368,10.0,1.5729311769080578,2.0,0.0
event_trigger,transition,medium_to_high,0.0,0.4378741969937257,10.0,1.5780079735596093,1.0,0.0
event_trigger,transition,high_to_medium,0.0,0.73763545071508,2.0,0.9297867403687935,15.0,0.0
event_trigger,transition,medium_to_low,0.0,0.45226467051846614,14.000000000000002,0.48148295149942916,0.0,0.0
event_trigger,transition,low_to_medium,0.0,0.372670551120909,20.0,1.005377579237247,0.0,0.0
event_trigger,transition,medium_to_high,0.0,0.3478494276584803,20.0,1.3405950727095162,5.0,0.0
event_trigger,transition,high_to_medium,0.0,0.42010269613229956,6.0,0.8841085193356821,13.0,0.0
event_trigger,transition,medium_to_high,0.0,0.3453265317423643,14.000000000000002,1.1167647726500585,2.0,0.0
event_trigger,transition,high_to_medium,0.0,0.3460434121470668,14.000000000000002,1.1141887669112742,1.0,0.0
event_trigger,transition,medium_to_high,0.0,0.5408210729898794,4.0,1.4689556355444588,41.0,0.0
event_trigger,transition,high_to_medium,0.0,0.5422037023364811,4.0,1.503089291187994,32.0,0.0
event_trigger,transition,medium_to_high,0.0,0.5423575518970979,4.0,1.5071685590631914,31.0,0.0
event_trigger,transition,high_to_medium,0.0,0.6862224934263367,4.0,1.2410477365226704,42.0,0.0
event_trigger,transition,medium_to_high,0.0,0.6843921867166621,4.0,1.239873736892277,41.0,0.0
event_trigger,transition,high_to_medium,0.0,0.5712443662254367,10.0,1.1522531494026786,9.0,0.0
event_trigger,transition,medium_to_high,0.0,0.3501283579135275,20.0,1.1703320226642342,2.0,0.0
event_trigger,transition,high_to_medium,0.0,0.3499313686710472,20.0,1.0598194309615219,1.0,0.0
event_trigger,transition,medium_to_high,0.0,0.3820764533453181,10.0,1.2424416186219576,2.0,0.0
event_trigger,transition,high_to_medium,0.0,0.3825939933510927,10.0,1.2397449994077878,1.0,0.0
event_trigger,transition,medium_to_high,0.0,0.3935573954256642,10.0,1.384128607020445,2.0,0.0
event_trigger,transition,high_to_medium,0.0,0.4602054800727158,10.0,1.6083322005801628,22.0,0.0
event_trigger,transition,medium_to_high,0.0,0.45927114280287884,10.0,1.613378917603553,21.0,0.0
event_trigger,transition,high_to_medium,0.0,0.41824262313939947,14.000000000000002,1.6183660730978402,12.0,0.0
event_trigger,transition,medium_to_high,0.0,0.4172596907212649,14.000000000000002,1.6272835709477769,11.0,0.0
event_trigger,transition,high_to_medium,0.0,0.3844189898460282,12.0,1.130246207330763,1.0,0.0
event_trigger,transition,medium_to_high,0.0,0.6778325019020314,4.0,1.3065625214385113,11.0,0.0
event_trigger,transition,high_to_medium,0.0,0.6749248272124494,4.0,1.3057922112811036,10.0,0.0
event_trigger,transition,medium_to_high,0.0,0.6571697682197963,4.0,1.3027630861731356,4.0,0.0
event_trigger,transition,high_to_medium,0.0,0.681506402127143,4.0,1.2141077161642937,12.0,0.0
event_trigger,transition,medium_to_high,0.0,0.7343410141702092,4.0,1.3477915884300784,6.0,0.0
event_trigger,transition,high_to_medium,0.0,0.728786044094358,4.0,1.2568503103296953,3.0,0.0
event_trigger,transition,medium_to_high,0.0,0.7252399272646491,4.0,1.2558381008552284,2.0,0.0
event_trigger,transition,high_to_medium,0.0,0.7192234408253504,2.0,1.249773242986877,87.0,0.0
event_trigger,transition,medium_to_high,0.0,0.7211401623719869,2.0,1.2445783548620823,82.0,0.0
event_trigger,transition,high_to_medium,0.0,0.7215290007230076,2.0,1.2431950471749318,81.0,0.0
event_trigger,transition,medium_to_high,0.0,0.7430276024408835,2.0,1.1932191505308483,32.0,0.0
event_trigger,transition,high_to_medium,0.0,0.7435200829837797,2.0,1.1845438797778605,31.0,0.0
event_trigger,transition,medium_to_low,0.0,0.6701411693988287,2.0,0.49112943083136607,51.0,0.0
event_trigger,transition,low_to_medium,0.0,0.671230179172167,2.0,0.4932333510314214,50.0,0.0
event_trigger,transition,medium_to_low,0.0,0.6723248196585797,2.0,0.49531723838676767,49.0,0.0
event_trigger,transition,low_to_medium,0.0,0.6368357562485911,4.0,0.6058008509780963,10.0,0.0
event_trigger,transition,medium_to_high,0.0,0.6079130676122124,6.0,1.5721474261038757,44.0,0.0
event_trigger,transition,high_to_medium,0.0,0.3407961449937302,16.0,0.9475710488036558,16.0,0.0
event_trigger,transition,medium_to_low,0.0,0.7389640990067035,2.0,0.3237190923034989,12.0,0.0
event_trigger,transition,low_to_medium,0.0,0.7281087794321296,4.0,0.8771448657403228,35.0,0.0
event_trigger,transition,medium_to_high,0.0,0.5036108436731198,10.0,1.638723062374755,3.0,0.0
event_trigger,transition,high_to_medium,0.0,0.6971399520918196,2.0,1.206615089326941,61.0,0.0
event_trigger,transition,medium_to_high,0.0,0.6978631775597037,2.0,1.2048517344723626,60.0,0.0
event_trigger,transition,high_to_medium,0.0,0.692573436065383,4.0,1.19755971226221,56.0,0.0
event_trigger,transition,medium_to_high,0.0,0.36179187189097756,20.0,1.4035290550668436,2.0,0.0
event_trigger,transition,high_to_medium,0.0,0.36126568876430865,20.0,1.4046448638219158,1.0,0.0
event_trigger,transition,medium_to_high,0.0,0.36073817752320264,20.0,1.4054515370930494,0.0,0.0
event_trigger,transition,high_to_medium,0.0,0.3944298253432203,8.0,1.2742070591515369,11.0,0.0
event_trigger,transition,medium_to_high,0.0,0.40567467877530944,10.0,1.4025934798442936,7.0,0.0
event_trigger,transition,high_to_medium,0.0,0.37672448254586355,14.000000000000002,1.5402632138179368,1.0,0.0
event_trigger,transition,medium_to_high,0.0,0.3761308609823756,14.000000000000002,1.5450791917282778,0.0,0.0
event_trigger,transition,high_to_medium,0.0,0.6155158581055294,4.0,1.146111176113805,58.0,0.0
event_trigger,transition,medium_to_high,0.0,0.6082118404920329,4.0,1.08935382262719,42.0,0.0
event_trigger,transition,high_to_medium,0.0,0.6077391346385052,4.0,1.0841305604522502,41.0,0.0
event_trigger,transition,medium_to_low,0.0,0.4905823402877083,6.0,0.31930420194518616,16.0,0.0
event_trigger,transition,low_to_medium,0.0,0.7201883082894401,2.0,0.7224183299197611,85.0,0.0
event_trigger,transition,medium_to_high,0.0,0.5752035867449261,6.0,1.6312232274854261,4.0,0.0
event_trigger,transition,high_to_medium,0.0,0.5572110741831718,6.0,1.3435250935233385,21.0,0.0
event_trigger,transition,medium_to_high,0.0,0.5554032144549155,6.0,1.3422643156873826,20.0,0.0
event_trigger,transition,high_to_medium,0.0,0.43285772933181077,14.000000000000002,0.9429740617754129,2.0,0.0
event_trigger,transition,medium_to_low,0.0,0.41704672940126386,14.000000000000002,0.8804670894742053,11.0,0.0
event_trigger,transition,low_to_medium,0.0,0.41584309204592323,14.000000000000002,0.8835531710169158,10.0,0.0
event_trigger,transition,medium_to_high,0.0,0.36515450783641845,20.0,0.735603894724793,1.0,0.0
event_trigger,transition,high_to_medium,0.0,0.3641516411364956,20.0,0.7293748604848487,0.0,0.0
event_trigger,transition,medium_to_high,0.0,0.3249307887115736,20.0,1.45226157331403,4.0,0.0
event_trigger,transition,high_to_medium,0.0,0.5871567174245107,2.0,1.2056245852434317,16.0,0.0
event_trigger,transition,medium_to_high,0.0,0.6694925610741796,0.0,1.1560773781801257,,0.0
event_trigger,transition,high_to_medium,0.0,0.6739189139615966,0.0,1.1302909466628743,,0.0
event_trigger,transition,medium_to_high,0.0,0.4918236915463269,6.0,1.3412496583421132,21.0,0.0
event_trigger,transition,high_to_medium,0.0,0.49194517390034015,6.0,1.3422836030416634,20.0,0.0
event_trigger,transition,medium_to_high,0.0,0.4931070759624327,6.0,1.3538823852879682,11.0,0.0
event_trigger,transition,high_to_medium,0.0,0.573361682711995,2.0,1.5049856212913364,61.0,0.0
event_trigger,transition,medium_to_high,0.0,0.5750223313236559,2.0,1.5117154181791255,60.0,0.0
event_trigger,transition,high_to_medium,0.0,0.6670664721997568,2.0,1.5303772169632912,11.0,0.0
event_trigger,transition,medium_to_high,0.0,0.6691770955631697,2.0,1.5345497717103407,10.0,0.0
event_trigger,transition,high_to_medium,0.0,0.70543464584461,2.0,1.5531687137766657,71.0,0.0
event_trigger,transition,medium_to_high,0.0,0.705964770289555,2.0,1.5611636653785446,70.0,0.0
event_trigger,transition,high_to_medium,0.0,0.7414756825596355,2.0,1.1309226947656383,11.0,0.0
event_trigger,transition,medium_to_low,0.0,0.6138322250595548,2.0,0.3909314115005941,41.0,0.0
event_trigger,transition,low_to_medium,0.0,0.6155958600537099,2.0,0.39017869024052443,40.0,0.0
event_trigger,transition,medium_to_low,0.0,0.6116446462106776,4.0,0.3837360193338762,32.0,0.0
event_trigger,transition,low_to_medium,0.0,0.7341436648061314,2.0,0.4724468743530293,40.0,0.0
event_trigger,transition,medium_to_low,0.0,0.7307915435746948,2.0,0.4375951254160377,51.0,0.0
event_trigger,transition,low_to_medium,0.0,0.7312525483713409,2.0,0.4382684651633266,50.0,0.0
event_trigger,transition,medium_to_low,0.0,0.7331179889168287,2.0,0.43984848481916244,46.0,0.0
event_trigger,transition,low_to_medium,0.0,0.7241148106161761,2.0,0.5017095527001906,71.0,0.0
event_trigger,transition,medium_to_low,0.0,0.724533812689596,2.0,0.5028861359803934,70.0,0.0
event_trigger,transition,low_to_medium,0.0,0.7270908156002127,2.0,0.5103142562952763,64.0,0.0
event_trigger,transition,medium_to_low,0.0,0.7382807899156301,2.0,0.37399447827064725,33.0,0.0
event_trigger,transition,low_to_medium,0.0,0.7345841101124312,2.0,0.20279669514871465,51.0,0.0
event_trigger,transition,medium_to_low,0.0,0.73504455736003,2.0,0.1989438621031632,50.0,0.0
delay_aware,phase_summary,low,0.0,0.6510466613891625,2.6478177942331427,0.17283402829031316,,
delay_aware,phase_summary,medium,0.0,0.6548442652968465,3.052064631956912,0.9004172178818391,,
delay_aware,phase_summary,high,0.0,0.6546481207078655,2.831318741152129,1.809937310282865,,
delay_aware,transition,low_to_medium,0.0,0.6530269463046602,4.0,0.5956995676637041,13.0,0.0
delay_aware,transition,medium_to_low,0.0,0.6455585643224241,2.0,0.436114331731528,57.0,0.0
delay_aware,transition,low_to_medium,0.0,0.6340915358674739,4.0,0.6012273234962536,2.0,0.0
delay_aware,transition,medium_to_low,0.0,0.6420010946624788,2.0,0.4756393621724592,60.0,0.0
delay_aware,transition,low_to_high,0.0,0.6640707740048731,2.0,0.5696785461951485,42.0,0.0
delay_aware,transition,high_to_low,0.0,0.6653556092986368,2.0,0.5640300151148181,41.0,0.0
delay_aware,transition,low_to_medium,0.0,0.6393145238839208,4.0,0.7380328889657259,5.0,0.0
delay_aware,transition,medium_to_low,0.0,0.6577457607754821,2.0,0.5273862800623212,47.0,0.0
delay_aware,transition,low_to_high,0.0,0.6674711134255378,4.0,0.6619001278110389,22.0,0.0
delay_aware,transition,high_to_low,0.0,0.6658799484081517,4.0,0.6540598915640302,21.0,0.0
delay_aware,transition,low_to_medium,0.0,0.6340971988497727,4.0,0.7040337952950881,2.0,0.0
delay_aware,transition,medium_to_low,0.0,0.6564969433243877,2.0,0.5805589075814828,48.0,0.0
delay_aware,transition,low_to_medium,0.0,0.6410368352355629,4.0,0.7686740297928278,6.0,0.0
delay_aware,transition,medium_to_high,0.0,0.6772100450837,2.0,0.5439737185252368,32.0,0.0
delay_aware,transition,high_to_medium,0.0,0.6785596368228289,2.0,0.5365424495391128,31.0,0.0
delay_aware,transition,medium_to_low,0.0,0.6491410415805539,2.0,0.5345024718063022,54.0,0.0
delay_aware,transition,low_to_medium,0.0,0.6640721727994666,2.0,0.5987954090803121,42.0,0.0
delay_aware,transition,medium_to_low,0.0,0.6653569683525713,2.0,0.5985956002040278,41.0,0.0
delay_aware,transition,low_to_medium,0.0,0.6478417103010154,4.0,0.7489790614097326,10.0,0.0
delay_aware,transition,medium_to_high,0.0,0.6396705380956839,2.0,0.5815551863785007,62.0,0.0
delay_aware,transition,high_to_medium,0.0,0.6408337173708781,2.0,0.5758309871764095,61.0,0.0
delay_aware,transition,medium_to_low,0.0,0.6540192074944616,2.0,0.6208619652322835,50.0,0.0
delay_aware,transition,low_to_medium,0.0,0.6511942637433188,4.0,0.7596241375919788,12.0,0.0
delay_aware,transition,medium_to_low,0.0,0.6396705087123893,2.0,0.5499095360074838,62.0,0.0
delay_aware,transition,low_to_medium,0.0,0.6640717979763551,2.0,0.6638219449702468,42.0,0.0
delay_aware,transition,medium_to_low,0.0,0.665356596906725,2.0,0.6617708115634197,41.0,0.0
delay_aware,transition,low_to_medium,0.0,0.6642774458364831,4.0,0.7499961078019405,20.0,0.0
delay_aware,transition,medium_to_high,0.0,0.6340940732732683,4.0,0.24411659635463331,2.0,0.0
delay_aware,transition,high_to_medium,0.0,0.6323372175784723,4.0,0.23072988001285955,1.0,0.0
delay_aware,transition,medium_to_low,0.0,0.6479360975835055,2.0,0.15749044789153907,55.0,0.0
delay_aware,transition,low_to_medium,0.0,0.6515677762234192,2.0,0.14693180563041822,52.0,0.0
delay_aware,transition,medium_to_low,0.0,0.6527904356326439,2.0,0.14322638422206024,51.0,0.0
delay_aware,transition,low_to_medium,0.0,0.6642774465162615,4.0,0.4773722292180749,20.0,0.0
delay_aware,transition,medium_to_low,0.0,0.6340940697665448,4.0,0.4923475765090241,2.0,0.0
delay_aware,transition,low_to_medium,0.0,0.6323372140265596,4.0,0.49362431974493753,1.0,0.0
delay_aware,transition,medium_to_high,0.0,0.6674676957487872,4.0,1.3502288588721143,22.0,0.0
delay_aware,transition,high_to_medium,0.0,0.6658765453143868,4.0,1.3506900801416981,21.0,0.0
delay_aware,transition,medium_to_high,0.0,0.6511942594385893,4.0,1.3581977227511743,12.0,0.0
delay_aware,transition,high_to_medium,0.0,0.6340940697665448,4.0,1.3623126311978657,2.0,0.0
delay_aware,transition,medium_to_high,0.0,0.6323372140265596,4.0,1.3635789384292856,1.0,0.0
delay_aware,transition,high_to_medium,0.0,0.652858221826087,4.0,1.3695632464535612,13.0,0.0
delay_aware,transition,medium_to_high,0.0,0.6511942594385893,4.0,1.3712095299847058,12.0,0.0
delay_aware,transition,high_to_medium,0.0,0.6511942594385893,4.0,1.460730652475881,12.0,0.0
delay_aware,transition,medium_to_high,0.0,0.6495220295174733,4.0,1.4655434350094898,11.0,0.0
delay_aware,transition,high_to_medium,0.0,0.6515677725750835,2.0,1.5000924954901882,52.0,0.0
delay_aware,transition,medium_to_high,0.0,0.6527904319796043,2.0,1.5086918737575155,51.0,0.0
delay_aware,transition,high_to_medium,0.0,0.6679453040157629,2.0,1.1544370366452588,39.0,0.0
delay_aware,transition,medium_to_high,0.0,0.6396705113955317,2.0,1.3070874461905888,62.0,0.0
delay_aware,transition,high_to_medium,0.0,0.6408336910595733,2.0,1.228084478023091,61.0,0.0
delay_aware,transition,medium_to_high,0.0,0.6772091912527667,2.0,1.3231403485292015,32.0,0.0
delay_aware,transition,high_to_medium,0.0,0.678558789385591,2.0,1.3026453989570859,31.0,0.0
delay_aware,transition,medium_to_high,0.0,0.6627933347739995,2.0,1.567928442262109,43.0,0.0
delay_aware,transition,high_to_medium,0.0,0.6640718000304447,2.0,1.5729311769080578,42.0,0.0
delay_aware,transition,medium_to_high,0.0,0.6653565989245597,2.0,1.5780079735596093,41.0,0.0
delay_aware,transition,high_to_medium,0.0,0.6479360939481055,2.0,0.9297867403687935,55.0,0.0
delay_aware,transition,medium_to_low,0.0,0.6420026990089527,2.0,0.48148295149942916,60.0,0.0
delay_aware,transition,low_to_medium,0.0,0.6305717006564191,4.0,1.005377579237247,0.0,0.0
delay_aware,transition,medium_to_high,0.0,0.6479360939481055,2.0,1.3405950727095162,55.0,0.0
delay_aware,transition,high_to_medium,0.0,0.6690509332827844,4.0,0.8841085193356821,23.0,0.0
delay_aware,transition,medium_to_high,0.0,0.6511942594385893,4.0,1.1167647726500585,12.0,0.0
delay_aware,transition,high_to_medium,0.0,0.6495220295174733,4.0,1.1141887669112742,11.0,0.0
delay_aware,transition,medium_to_high,0.0,0.678558789385591,2.0,1.4689556355444588,31.0,0.0
delay_aware,transition,high_to_medium,0.0,0.6674676957487872,4.0,1.503089291187994,22.0,0.0
delay_aware,transition,medium_to_high,0.0,0.6658765453143868,4.0,1.5071685590631914,21.0,0.0
delay_aware,transition,high_to_medium,0.0,0.6396705113955317,2.0,1.2410477365226704,62.0,0.0
delay_aware,transition,medium_to_high,0.0,0.6408336910595733,2.0,1.239873736892277,61.0,0.0
delay_aware,transition,high_to_medium,0.0,0.6783861735243089,4.0,1.1522531494026786,29.0,0.0
delay_aware,transition,medium_to_high,0.0,0.6340940697665448,4.0,1.1703320226642342,2.0,0.0
delay_aware,transition,high_to_medium,0.0,0.6323372140265596,4.0,1.0598194309615219,1.0,0.0
delay_aware,transition,medium_to_high,0.0,0.6674676957487872,4.0,1.2424416186219576,22.0,0.0
delay_aware,transition,high_to_medium,0.0,0.6658765453143868,4.0,1.2397449994077878,21.0,0.0
delay_aware,transition,medium_to_high,0.0,0.6772091912527667,2.0,1.384128607020445,32.0,0.0
delay_aware,transition,high_to_medium,0.0,0.6340940697665448,4.0,1.6083322005801628,2.0,0.0
delay_aware,transition,medium_to_high,0.0,0.6323372140265596,4.0,1.613378917603553,1.0,0.0
delay_aware,transition,high_to_medium,0.0,0.6640718000304447,2.0,1.6183660730978402,42.0,0.0
delay_aware,transition,medium_to_high,0.0,0.6653565989245597,2.0,1.6272835709477769,41.0,0.0
delay_aware,transition,high_to_medium,0.0,0.6323372140265596,4.0,1.130246207330763,1.0,0.0
delay_aware,transition,medium_to_high,0.0,0.6658765453143868,4.0,1.3065625214385113,21.0,0.0
delay_aware,transition,high_to_medium,0.0,0.6642774465162615,4.0,1.3057922112811036,20.0,0.0
delay_aware,transition,medium_to_high,0.0,0.6545139521432876,4.0,1.3027630861731356,14.0,0.0
delay_aware,transition,high_to_medium,0.0,0.6674676957487872,4.0,1.2141077161642937,22.0,0.0
delay_aware,transition,medium_to_high,0.0,0.6467375456096701,2.0,1.3477915884300784,56.0,0.0
delay_aware,transition,high_to_medium,0.0,0.6758661927325234,2.0,1.2568503103296953,33.0,0.0
delay_aware,transition,medium_to_high,0.0,0.6772091912527667,2.0,1.2558381008552284,32.0,0.0
delay_aware,transition,high_to_medium,0.0,0.6753054636811733,4.0,1.249773242986877,27.0,0.0
delay_aware,transition,medium_to_high,0.0,0.6674676957487872,4.0,1.2445783548620823,22.0,0.0
delay_aware,transition,high_to_medium,0.0,0.6658765453143868,4.0,1.2431950471749318,21.0,0.0
delay_aware,transition,medium_to_high,0.0,0.6640718000304447,2.0,1.1932191505308483,42.0,0.0
delay_aware,transition,high_to_medium,0.0,0.6653565989245597,2.0,1.1845438797778605,41.0,0.0
delay_aware,transition,medium_to_low,0.0,0.6527904319796043,2.0,0.49112943083136607,51.0,0.0
delay_aware,transition,low_to_medium,0.0,0.6540191856443743,2.0,0.4932333510314214,50.0,0.0
delay_aware,transition,medium_to_low,0.0,0.6552540601668845,2.0,0.49531723838676767,49.0,0.0
delay_aware,transition,low_to_medium,0.0,0.6478414965994171,4.0,0.6058008509780963,10.0,0.0
delay_aware,transition,medium_to_high,0.0,0.6706262933797004,4.0,1.5721474261038757,24.0,0.0
delay_aware,transition,high_to_medium,0.0,0.6578008584200841,4.0,0.9475710488036558,16.0,0.0
delay_aware,transition,medium_to_low,0.0,0.6396705113955317,2.0,0.3237190923034989,62.0,0.0
delay_aware,transition,low_to_medium,0.0,0.660255298784153,2.0,0.8771448657403228,45.0,0.0
delay_aware,transition,medium_to_high,0.0,0.6690509332827844,4.0,1.638723062374755,23.0,0.0
delay_aware,transition,high_to_medium,0.0,0.6653565989245597,2.0,1.206615089326941,41.0,0.0
delay_aware,transition,medium_to_high,0.0,0.6666477580538355,2.0,1.2048517344723626,40.0,0.0
delay_aware,transition,high_to_medium,0.0,0.6718765288723687,2.0,1.19755971226221,36.0,0.0
delay_aware,transition,medium_to_high,0.0,0.6772091912527667,2.0,1.4035290550668436,32.0,0.0
delay_aware,transition,high_to_medium,0.0,0.678558789385591,2.0,1.4046448638219158,31.0,0.0
delay_aware,transition,medium_to_high,0.0,0.6799150137284876,2.0,1.4054515370930494,30.0,0.0
delay_aware,transition,high_to_medium,0.0,0.6495220295174733,4.0,1.2742070591515369,11.0,0.0
delay_aware,transition,medium_to_high,0.0,0.6455449585440285,2.0,1.4025934798442936,57.0,0.0
delay_aware,transition,high_to_medium,0.0,0.6658765453143868,4.0,1.5402632138179368,21.0,0.0
delay_aware,transition,medium_to_high,0.0,0.6642774465162615,4.0,1.5450791917282778,20.0,0.0
delay_aware,transition,high_to_medium,0.0,0.6692492634078335,2.0,1.146111176113805,38.0,0.0
delay_aware,transition,medium_to_high,0.0,0.6674676957487872,4.0,1.08935382262719,22.0,0.0
delay_aware,transition,high_to_medium,0.0,0.6658765453143868,4.0,1.0841305604522502,21.0,0.0
delay_aware,transition,medium_to_low,0.0,0.6589956748557695,2.0,0.31930420194518616,46.0,0.0
delay_aware,transition,low_to_medium,0.0,0.660255298784153,2.0,0.7224183299197611,45.0,0.0
delay_aware,transition,medium_to_high,0.0,0.6373615305334972,2.0,1.6312232274854261,64.0,0.0
delay_aware,transition,high_to_medium,0.0,0.6495220295174733,4.0,1.3435250935233385,11.0,0.0
delay_aware,transition,medium_to_high,0.0,0.6478414965994171,4.0,1.3422643156873826,10.0,0.0
delay_aware,transition,high_to_medium,0.0,0.6674676957487872,4.0,0.9429740617754129,22.0,0.0
delay_aware,transition,medium_to_low,0.0,0.6495220295174733,4.0,0.8804670894742053,11.0,0.0
delay_aware,transition,low_to_medium,0.0,0.6478414965994171,4.0,0.8835531710169158,10.0,0.0
delay_aware,transition,medium_to_high,0.0,0.678558789385591,2.0,0.735603894724793,31.0,0.0
delay_aware,transition,high_to_medium,0.0,0.6799150137284876,2.0,0.7293748604848487,30.0,0.0
delay_aware,transition,medium_to_high,0.0,0.6545139521432876,4.0,1.45226157331403,14.0,0.0
delay_aware,transition,high_to_medium,0.0,0.6578008584200841,4.0,1.2056245852434317,16.0,0.0
delay_aware,transition,medium_to_high,0.0,0.6408336910595733,2.0,1.1560773781801257,61.0,0.0
delay_aware,transition,high_to_medium,0.0,0.6420026990089527,2.0,1.1302909466628743,60.0,0.0
delay_aware,transition,medium_to_high,0.0,0.6495220295174733,4.0,1.3412496583421132,11.0,0.0
delay_aware,transition,high_to_medium,0.0,0.6478414965994171,4.0,1.3422836030416634,10.0,0.0
delay_aware,transition,medium_to_high,0.0,0.6323372140265596,4.0,1.3538823852879682,1.0,0.0
delay_aware,transition,high_to_medium,0.0,0.6323372140265596,4.0,1.5049856212913364,1.0,0.0
delay_aware,transition,medium_to_high,0.0,0.6305717006564191,4.0,1.5117154181791255,0.0,0.0
delay_aware,transition,high_to_medium,0.0,0.6658765453143868,4.0,1.5303772169632912,21.0,0.0
delay_aware,transition,medium_to_high,0.0,0.6642774465162615,4.0,1.5345497717103407,20.0,0.0
delay_aware,transition,high_to_medium,0.0,0.6527904319796043,2.0,1.5531687137766657,51.0,0.0
delay_aware,transition,medium_to_high,0.0,0.6540191856443743,2.0,1.5611636653785446,50.0,0.0
delay_aware,transition,high_to_medium,0.0,0.6653565989245597,2.0,1.1309226947656383,41.0,0.0
delay_aware,transition,medium_to_low,0.0,0.6408336910595733,2.0,0.3909314115005941,61.0,0.0
delay_aware,transition,low_to_medium,0.0,0.6420026990089527,2.0,0.39017869024052443,60.0,0.0
delay_aware,transition,medium_to_low,0.0,0.6515677725750835,2.0,0.3837360193338762,52.0,0.0
delay_aware,transition,low_to_medium,0.0,0.6799150137284876,2.0,0.4724468743530293,30.0,0.0
delay_aware,transition,medium_to_low,0.0,0.6658765453143868,4.0,0.4375951254160377,21.0,0.0
delay_aware,transition,low_to_medium,0.0,0.6642774465162615,4.0,0.4382684651633266,20.0,0.0
delay_aware,transition,medium_to_low,0.0,0.6578008584200841,4.0,0.43984848481916244,16.0,0.0
delay_aware,transition,low_to_medium,0.0,0.6658765453143868,4.0,0.5017095527001906,21.0,0.0
delay_aware,transition,medium_to_low,0.0,0.6642774465162615,4.0,0.5028861359803934,20.0,0.0
delay_aware,transition,low_to_medium,0.0,0.6545139521432876,4.0,0.5103142562952763,14.0,0.0
delay_aware,transition,medium_to_low,0.0,0.6627933347739995,2.0,0.37399447827064725,43.0,0.0
delay_aware,transition,low_to_medium,0.0,0.6653565989245597,2.0,0.20279669514871465,41.0,0.0
delay_aware,transition,medium_to_low,0.0,0.6666477580538355,2.0,0.1989438621031632,40.0,0.0
sb_sched,phase_summary,low,0.0,0.6915053530547727,2.4234264557388085,0.17283402829031316,,
sb_sched,phase_summary,medium,0.0,0.6971385576905884,2.55834829443447,0.9004172178818391,,
sb_sched,phase_summary,high,0.0,0.6970246779150893,2.4828487422410976,1.809937310282865,,
sb_sched,transition,low_to_medium,0.0,0.7061498180486706,4.0,0.5956995676637041,13.0,0.0
sb_sched,transition,medium_to_low,0.0,0.6743980697570119,2.0,0.436114331731528,77.0,0.0
sb_sched,transition,low_to_medium,0.0,0.7215960589827723,2.0,0.6012273234962536,22.0,0.0
sb_sched,transition,medium_to_low,0.0,0.7235864201922617,2.0,0.4756393621724592,20.0,0.0
sb_sched,transition,low_to_high,0.0,0.6775870535834596,4.0,0.5696785461951485,2.0,0.0
sb_sched,transition,high_to_low,0.0,0.6749099584359003,4.0,0.5640300151148181,1.0,0.0
sb_sched,transition,low_to_medium,0.0,0.70032957477464,2.0,0.7380328889657259,45.0,0.0
sb_sched,transition,medium_to_low,0.0,0.7168016022039019,2.0,0.5273862800623212,27.0,0.0
sb_sched,transition,low_to_high,0.0,0.6775990695031912,4.0,0.6619001278110389,2.0,0.0
sb_sched,transition,high_to_low,0.0,0.6749216201884716,4.0,0.6540598915640302,1.0,0.0
sb_sched,transition,low_to_medium,0.0,0.6860730584040371,2.0,0.7040337952950881,62.0,0.0
sb_sched,transition,medium_to_low,0.0,0.697732480073318,2.0,0.5805589075814828,48.0,0.0
sb_sched,transition,low_to_medium,0.0,0.6881783810944677,4.0,0.7686740297928278,6.0,0.0
sb_sched,transition,medium_to_high,0.0,0.7029817592910282,2.0,0.5439737185252368,42.0,0.0
sb_sched,transition,high_to_medium,0.0,0.7038718883602622,2.0,0.5365424495391128,41.0,0.0
sb_sched,transition,medium_to_low,0.0,0.6767063267439584,2.0,0.5345024718063022,74.0,0.0
sb_sched,transition,low_to_medium,0.0,0.686072372323823,2.0,0.5987954090803121,62.0,0.0
sb_sched,transition,medium_to_low,0.0,0.6868785335164183,2.0,0.5985956002040278,61.0,0.0
sb_sched,transition,low_to_medium,0.0,0.7139563787675286,2.0,0.7489790614097326,30.0,0.0
sb_sched,transition,medium_to_high,0.0,0.721637393335779,2.0,0.5815551863785007,22.0,0.0
sb_sched,transition,high_to_medium,0.0,0.7226185881526477,2.0,0.5758309871764095,21.0,0.0
sb_sched,transition,medium_to_low,0.0,0.698551165689133,4.0,0.6208619652322835,10.0,0.0
sb_sched,transition,low_to_medium,0.0,0.694317386314292,2.0,0.7596241375919788,52.0,0.0
sb_sched,transition,medium_to_low,0.0,0.7029814821258106,2.0,0.5499095360074838,42.0,0.0
sb_sched,transition,low_to_medium,0.0,0.7216374382387519,2.0,0.6638219449702468,22.0,0.0
sb_sched,transition,medium_to_low,0.0,0.722618633551113,2.0,0.6617708115634197,21.0,0.0
sb_sched,transition,low_to_medium,0.0,0.6722303292982492,4.0,0.7499961078019405,0.0,0.0
sb_sched,transition,medium_to_high,0.0,0.678228467217579,2.0,0.24411659635463331,72.0,0.0
sb_sched,transition,high_to_medium,0.0,0.6789953043211047,2.0,0.23072988001285955,71.0,0.0
sb_sched,transition,medium_to_low,0.0,0.691800727392783,2.0,0.15749044789153907,55.0,0.0
sb_sched,transition,low_to_medium,0.0,0.6943174429280619,2.0,0.14693180563041822,52.0,0.0
sb_sched,transition,medium_to_low,0.0,0.6951647037363153,2.0,0.14322638422206024,51.0,0.0
sb_sched,transition,low_to_medium,0.0,0.6960161741835426,2.0,0.4773722292180749,50.0,0.0
sb_sched,transition,medium_to_low,0.0,0.7120822744565207,2.0,0.4923475765090241,32.0,0.0
sb_sched,transition,low_to_medium,0.0,0.713017051583028,2.0,0.49362431974493753,31.0,0.0
sb_sched,transition,medium_to_high,0.0,0.7120822744565207,2.0,1.3502288588721143,32.0,0.0
sb_sched,transition,high_to_medium,0.0,0.713017051583028,2.0,1.3506900801416981,31.0,0.0
sb_sched,transition,medium_to_high,0.0,0.7216374635465237,2.0,1.3581977227511743,22.0,0.0
sb_sched,transition,high_to_medium,0.0,0.7216374635465237,2.0,1.3623126311978657,22.0,0.0
sb_sched,transition,medium_to_high,0.0,0.7226186586034631,2.0,1.3635789384292856,21.0,0.0
sb_sched,transition,high_to_medium,0.0,0.6852701918762439,2.0,1.3695632464535612,63.0,0.0
sb_sched,transition,medium_to_high,0.0,0.6860723418888297,2.0,1.3712095299847058,62.0,0.0
sb_sched,transition,high_to_medium,0.0,0.6782284703978128,2.0,1.460730652475881,72.0,0.0
sb_sched,transition,medium_to_high,0.0,0.6789953074633596,2.0,1.4655434350094898,71.0,0.0
sb_sched,transition,high_to_medium,0.0,0.7029815122574159,2.0,1.5000924954901882,42.0,0.0
sb_sched,transition,medium_to_high,0.0,0.7038716446195679,2.0,1.5086918737575155,41.0,0.0
sb_sched,transition,high_to_medium,0.0,0.6968718674137858,2.0,1.1544370366452588,49.0,0.0
sb_sched,transition,medium_to_high,0.0,0.7036616056065584,4.0,1.3070874461905888,12.0,0.0
sb_sched,transition,high_to_medium,0.0,0.7011127306506308,4.0,1.228084478023091,11.0,0.0
sb_sched,transition,medium_to_high,0.0,0.677598478056564,4.0,1.3231403485292015,2.0,0.0
sb_sched,transition,high_to_medium,0.0,0.6749209883058012,4.0,1.3026453989570859,1.0,0.0
sb_sched,transition,medium_to_high,0.0,0.7206609900751011,2.0,1.567928442262109,23.0,0.0
sb_sched,transition,high_to_medium,0.0,0.7216374635465236,2.0,1.5729311769080578,22.0,0.0
sb_sched,transition,medium_to_high,0.0,0.7226186586034631,2.0,1.5780079735596093,21.0,0.0
sb_sched,transition,high_to_medium,0.0,0.7187221369621629,2.0,0.9297867403687935,25.0,0.0
sb_sched,transition,medium_to_low,0.0,0.6960161741835426,2.0,0.48148295149942916,50.0,0.0
sb_sched,transition,low_to_medium,0.0,0.6797659972630454,2.0,1.005377579237247,70.0,0.0
sb_sched,transition,medium_to_high,0.0,0.6836778578816869,2.0,1.3405950727095162,65.0,0.0
sb_sched,transition,high_to_medium,0.0,0.7206609900751012,2.0,0.8841085193356821,23.0,0.0
sb_sched,transition,medium_to_high,0.0,0.6943174452884413,2.0,1.1167647726500585,52.0,0.0
sb_sched,transition,high_to_medium,0.0,0.6951647060523147,2.0,1.1141887669112742,51.0,0.0
sb_sched,transition,medium_to_high,0.0,0.7226186586034631,2.0,1.4689556355444588,21.0,0.0
sb_sched,transition,high_to_medium,0.0,0.7036616056065584,4.0,1.503089291187994,12.0,0.0
sb_sched,transition,medium_to_high,0.0,0.7011127306506311,4.0,1.5071685590631914,11.0,0.0
sb_sched,transition,high_to_medium,0.0,0.6943174452884413,2.0,1.2410477365226704,52.0,0.0
sb_sched,transition,medium_to_high,0.0,0.6951647060523147,2.0,1.239873736892277,51.0,0.0
sb_sched,transition,high_to_medium,0.0,0.7211547798187945,4.0,1.1522531494026786,19.0,0.0
sb_sched,transition,medium_to_high,0.0,0.7036616056065584,4.0,1.1703320226642342,12.0,0.0
sb_sched,transition,high_to_medium,0.0,0.7011127306506311,4.0,1.0598194309615219,11.0,0.0
sb_sched,transition,medium_to_high,0.0,0.6943174452884412,2.0,1.2424416186219576,52.0,0.0
sb_sched,transition,high_to_medium,0.0,0.6951647060523147,2.0,1.2397449994077878,51.0,0.0
sb_sched,transition,medium_to_high,0.0,0.6782284703978128,2.0,1.384128607020445,72.0,0.0
sb_sched,transition,high_to_medium,0.0,0.6943174452884412,2.0,1.6083322005801628,52.0,0.0
sb_sched,transition,medium_to_high,0.0,0.6951647060523147,2.0,1.613378917603553,51.0,0.0
sb_sched,transition,high_to_medium,0.0,0.7216374635465237,2.0,1.6183660730978402,22.0,0.0
sb_sched,transition,medium_to_high,0.0,0.7226186586034631,2.0,1.6272835709477769,21.0,0.0
sb_sched,transition,high_to_medium,0.0,0.7130170515830279,2.0,1.130246207330763,31.0,0.0
sb_sched,transition,medium_to_high,0.0,0.6951647060523147,2.0,1.3065625214385113,51.0,0.0
sb_sched,transition,high_to_medium,0.0,0.6960161741835426,2.0,1.3057922112811036,50.0,0.0
sb_sched,transition,medium_to_high,0.0,0.701214330658355,2.0,1.3027630861731356,44.0,0.0
sb_sched,transition,high_to_medium,0.0,0.6860723418888297,2.0,1.2141077161642937,62.0,0.0
sb_sched,transition,medium_to_high,0.0,0.6994644750152134,2.0,1.3477915884300784,46.0,0.0
sb_sched,transition,high_to_medium,0.0,0.7111520415989224,2.0,1.2568503103296953,33.0,0.0
sb_sched,transition,medium_to_high,0.0,0.7120822744565207,2.0,1.2558381008552284,32.0,0.0
sb_sched,transition,high_to_medium,0.0,0.7168019574113623,2.0,1.249773242986877,27.0,0.0
sb_sched,transition,medium_to_high,0.0,0.7216374635465237,2.0,1.2445783548620823,22.0,0.0
sb_sched,transition,high_to_medium,0.0,0.7226186586034631,2.0,1.2431950471749318,21.0,0.0
sb_sched,transition,medium_to_high,0.0,0.6943174452884413,2.0,1.1932191505308483,52.0,0.0
sb_sched,transition,high_to_medium,0.0,0.6951647060523147,2.0,1.1845438797778605,51.0,0.0
sb_sched,transition,medium_to_low,0.0,0.6951647060523147,2.0,0.49112943083136607,51.0,0.0
sb_sched,transition,low_to_medium,0.0,0.6960161741835428,2.0,0.4932333510314214,50.0,0.0
sb_sched,transition,medium_to_low,0.0,0.6968718674137858,2.0,0.49531723838676767,49.0,0.0
sb_sched,transition,low_to_medium,0.0,0.6985512335926403,4.0,0.6058008509780963,10.0,0.0
sb_sched,transition,medium_to_high,0.0,0.6926354749361145,2.0,1.5721474261038757,54.0,0.0
sb_sched,transition,high_to_medium,0.0,0.7177597218573258,2.0,0.9475710488036558,26.0,0.0
sb_sched,transition,medium_to_low,0.0,0.6782284703978128,2.0,0.3237190923034989,72.0,0.0
sb_sched,transition,low_to_medium,0.0,0.6836778578816869,2.0,0.8771448657403228,65.0,0.0
sb_sched,transition,medium_to_high,0.0,0.6934743741602616,2.0,1.638723062374755,53.0,0.0
sb_sched,transition,high_to_medium,0.0,0.713017051583028,2.0,1.206615089326941,31.0,0.0
sb_sched,transition,medium_to_high,0.0,0.713956390710105,2.0,1.2048517344723626,30.0,0.0
sb_sched,transition,high_to_medium,0.0,0.7177597218573258,2.0,1.19755971226221,26.0,0.0
sb_sched,transition,medium_to_high,0.0,0.6943174452884412,2.0,1.4035290550668436,52.0,0.0
sb_sched,transition,high_to_medium,0.0,0.6951647060523147,2.0,1.4046448638219158,51.0,0.0
sb_sched,transition,medium_to_high,0.0,0.6960161741835426,2.0,1.4054515370930494,50.0,0.0
sb_sched,transition,high_to_medium,0.0,0.6951647060523147,2.0,1.2742070591515369,51.0,0.0
sb_sched,transition,medium_to_high,0.0,0.707476198224404,2.0,1.4025934798442936,37.0,0.0
sb_sched,transition,high_to_medium,0.0,0.7011127306506311,4.0,1.5402632138179368,11.0,0.0
sb_sched,transition,medium_to_high,0.0,0.6985512335926403,4.0,1.5450791917282778,10.0,0.0
sb_sched,transition,high_to_medium,0.0,0.68932124244664,2.0,1.146111176113805,58.0,0.0
sb_sched,transition,medium_to_high,0.0,0.7029815122574159,2.0,1.08935382262719,42.0,0.0
sb_sched,transition,high_to_medium,0.0,0.7038716446195679,2.0,1.0841305604522502,41.0,0.0
sb_sched,transition,medium_to_low,0.0,0.7177597218573257,2.0,0.31930420194518616,26.0,0.0
sb_sched,transition,low_to_medium,0.0,0.7093051377638099,2.0,0.7224183299197611,35.0,0.0
sb_sched,transition,medium_to_high,0.0,0.7196892204575345,2.0,1.6312232274854261,24.0,0.0
sb_sched,transition,high_to_medium,0.0,0.6951647060523147,2.0,1.3435250935233385,51.0,0.0
sb_sched,transition,medium_to_high,0.0,0.6960161741835428,2.0,1.3422643156873826,50.0,0.0
sb_sched,transition,high_to_medium,0.0,0.6782284703978128,2.0,0.9429740617754129,72.0,0.0
sb_sched,transition,medium_to_low,0.0,0.6868785042205012,2.0,0.8804670894742053,61.0,0.0
sb_sched,transition,low_to_medium,0.0,0.6876886966029196,2.0,0.8835531710169158,60.0,0.0
sb_sched,transition,medium_to_high,0.0,0.7011127306506311,4.0,0.735603894724793,11.0,0.0
sb_sched,transition,high_to_medium,0.0,0.6985512335926403,4.0,0.7293748604848487,10.0,0.0
sb_sched,transition,medium_to_high,0.0,0.7196892204575345,2.0,1.45226157331403,24.0,0.0
sb_sched,transition,high_to_medium,0.0,0.6909701212732762,2.0,1.2056245852434317,56.0,0.0
sb_sched,transition,medium_to_high,0.0,0.713017051583028,2.0,1.1560773781801257,31.0,0.0
sb_sched,transition,high_to_medium,0.0,0.713956390710105,2.0,1.1302909466628743,30.0,0.0
sb_sched,transition,medium_to_high,0.0,0.6749209883058012,4.0,1.3412496583421132,1.0,0.0
sb_sched,transition,high_to_medium,0.0,0.6722303445031521,4.0,1.3422836030416634,0.0,0.0
sb_sched,transition,medium_to_high,0.0,0.6789953074633596,2.0,1.3538823852879682,71.0,0.0
sb_sched,transition,high_to_medium,0.0,0.7226186586034631,2.0,1.5049856212913364,21.0,0.0
sb_sched,transition,medium_to_high,0.0,0.7236045929775797,2.0,1.5117154181791255,20.0,0.0
sb_sched,transition,high_to_medium,0.0,0.6951647060523147,2.0,1.5303772169632912,51.0,0.0
sb_sched,transition,medium_to_high,0.0,0.6960161741835426,2.0,1.5345497717103407,50.0,0.0
sb_sched,transition,high_to_medium,0.0,0.7011127306506311,4.0,1.5531687137766657,11.0,0.0
sb_sched,transition,medium_to_high,0.0,0.6985512335926403,4.0,1.5611636653785446,10.0,0.0
sb_sched,transition,high_to_medium,0.0,0.7226186586034631,2.0,1.1309226947656383,21.0,0.0
sb_sched,transition,medium_to_low,0.0,0.6749209883058012,4.0,0.3909314115005941,1.0,0.0
sb_sched,transition,low_to_medium,0.0,0.6722303445031521,4.0,0.39017869024052443,0.0,0.0
sb_sched,transition,medium_to_low,0.0,0.6782284703978128,2.0,0.3837360193338762,72.0,0.0
sb_sched,transition,low_to_medium,0.0,0.713956390710105,2.0,0.4724468743530293,30.0,0.0
sb_sched,transition,medium_to_low,0.0,0.713017051583028,2.0,0.4375951254160377,31.0,0.0
sb_sched,transition,low_to_medium,0.0,0.713956390710105,2.0,0.4382684651633266,30.0,0.0
sb_sched,transition,medium_to_low,0.0,0.7177597218573258,2.0,0.43984848481916244,26.0,0.0
sb_sched,transition,low_to_medium,0.0,0.7038716446195679,2.0,0.5017095527001906,41.0,0.0
sb_sched,transition,medium_to_low,0.0,0.7047661616656817,2.0,0.5028861359803934,40.0,0.0
sb_sched,transition,low_to_medium,0.0,0.7102263352785724,2.0,0.5103142562952763,34.0,0.0
sb_sched,transition,medium_to_low,0.0,0.7206609900751012,2.0,0.37399447827064725,23.0,0.0
sb_sched,transition,low_to_medium,0.0,0.713017051583028,2.0,0.20279669514871465,31.0,0.0
sb_sched,transition,medium_to_low,0.0,0.713956390710105,2.0,0.1989438621031632,30.0,0.0
